Date,Category,RefNo,Date.1,Amount,Time,Fraud Probability
1/1/2023,Rent,3.00E+11,1/1/2023,3950.0,12:46,1
3/1/2023,Misc,3.00E+11,3/1/2023,105.0,15:00,0
3/1/2023,Misc,3.37E+11,3/1/2023,55.0,21:52,0
3/1/2023,Food,3.00E+11,3/1/2023,56.0,00:20,0
3/1/2023,Misc,3.37E+11,3/1/2023,1.0,03:32,0
3/1/2023,Food,3.00E+11,3/1/2023,30.0,03:34,0
4/1/2023,Misc,3.00E+11,4/1/2023,500.0,07:43,1
4/1/2023,Misc,3.00E+11,4/1/2023,1.0,09:05,1
4/1/2023,Misc,3.00E+11,4/1/2023,500.0,19:21,1
10/1/2023,Food,3.01E+11,10/1/2023,28.0,21:24,1
10/1/2023,Misc,3.01E+11,10/1/2023,149.0,18:02,1
10/1/2023,Food,3.01E+11,10/1/2023,10.0,04:07,0
10/1/2023,Misc,3.38E+11,10/1/2023,1289.0,23:44,0
10/1/2023,Food,3.01E+11,10/1/2023,51.0,06:11,0
10/1/2023,Misc,3.38E+11,10/1/2023,110.0,12:51,0
10/1/2023,Food,3.38E+11,10/1/2023,40.0,01:28,1
10/1/2023,Food,3.01E+11,10/1/2023,20.0,06:54,1
10/1/2023,Food,3.38E+11,10/1/2023,131.5,07:31,0
10/1/2023,Food,3.38E+11,11/1/2023,27.0,23:01,0
11/1/2023,Food,3.01E+11,11/1/2023,50.0,14:16,1
11/1/2023,Food,3.38E+11,11/1/2023,33.0,17:50,1
11/1/2023,Misc,3.38E+11,11/1/2023,33.0,05:18,0
11/1/2023,Food,3.01E+11,11/1/2023,33.0,13:14,1
11/1/2023,Misc,3.01E+11,11/1/2023,33.0,08:21,1
11/1/2023,Food,3.01E+11,11/1/2023,33.0,09:47,1
11/1/2023,Food,3.38E+11,11/1/2023,60.0,20:47,1
11/1/2023,Food,3.38E+11,11/1/2023,30.0,19:05,1
11/1/2023,Misc,3.38E+11,11/1/2023,305.0,16:33,0
11/1/2023,Food,3.38E+11,11/1/2023,50.0,19:42,0
11/1/2023,Food,3.01E+11,11/1/2023,20.0,05:02,1
12/1/2023,Food,3.38E+11,12/1/2023,57.0,15:27,1
12/1/2023,Food,3.01E+11,12/1/2023,33.0,15:40,0
12/1/2023,Food,3.38E+11,12/1/2023,10.0,00:55,1
12/1/2023,Food,3.01E+11,12/1/2023,35.0,18:19,0
12/1/2023,Food,3.01E+11,12/1/2023,60.0,03:15,0
12/1/2023,Food,3.38E+11,12/1/2023,30.0,17:07,0
12/1/2023,Food,3.01E+11,12/1/2023,20.0,19:44,0
13/01/23,Food,3.38E+11,13/01/23,57.0,19:29,1
13/01/23,Food,3.01E+11,13/01/23,60.0,19:35,0
13/01/23,Misc,3.38E+11,13/01/23,480.0,14:33,0
13/01/23,Food,3.38E+11,13/01/23,12.0,07:48,1
13/01/23,Misc,3.38E+11,13/01/23,2000.0,00:49,0
13/01/23,Misc,3.38E+11,13/01/23,120.0,01:16,0
13/01/23,Food,3.01E+11,13/01/23,50.0,09:56,1
13/01/23,Misc,3.01E+11,13/01/23,200.0,00:24,0
13/01/23,Food,3.38E+11,13/01/23,15.0,10:58,1
14/01/23,Food,3.01E+11,14/01/23,40.0,20:05,1
14/01/23,Food,3.38E+11,14/01/23,30.0,23:51,1
14/01/23,Food,3.01E+11,14/01/23,173.75,03:58,1
14/01/23,Misc,3.38E+11,14/01/23,25.0,11:42,0
14/01/23,Food,3.38E+11,14/01/23,50.0,18:19,0
14/01/23,Food,3.38E+11,14/01/23,20.0,23:17,0
14/01/23,Misc,3.38E+11,14/01/23,10.0,02:45,0
14/01/23,Food,3.38E+11,14/01/23,30.0,00:32,0
15/01/23,Misc,3.38E+11,15/01/23,110.0,00:22,1
15/01/23,Food,3.02E+11,15/01/23,35.0,04:33,1
15/01/23,Misc,3.38E+11,15/01/23,200.0,21:38,1
15/01/23,Food,3.38E+11,15/01/23,30.0,05:09,1
15/01/23,Food,3.38E+11,15/01/23,40.0,06:05,0
15/01/23,Food,3.38E+11,15/01/23,155.24,08:12,1
15/01/23,Food,3.38E+11,15/01/23,25.0,20:42,1
16/01/23,Food,3.02E+11,16/01/23,12.0,17:55,0
16/01/23,Food,3.02E+11,16/01/23,33.0,15:16,0
16/01/23,Food,3.38E+11,16/01/23,29.0,04:59,0
16/01/23,Food,3.38E+11,16/01/23,50.0,09:17,0
16/01/23,Food,3.38E+11,16/01/23,60.0,10:04,1
16/01/23,Food,3.38E+11,16/01/23,32.0,01:25,0
16/01/23,Food,3.38E+11,16/01/23,20.0,01:14,1
17/01/23,Food,3.02E+11,17/01/23,37.0,07:45,0
17/01/23,Misc,3.02E+11,17/01/23,272.0,09:53,1
17/01/23,Food,3.38E+11,17/01/23,70.0,03:17,1
17/01/23,Food,3.38E+11,17/01/23,30.0,06:29,0
17/01/23,Food,3.02E+11,17/01/23,85.0,23:06,0
17/01/23,Food,3.38E+11,17/01/23,20.0,11:28,1
17/01/23,Food,3.38E+11,17/01/23,20.0,14:10,1
18/01/23,Food,3.38E+11,18/01/23,10.0,18:05,0
18/01/23,Food,3.02E+11,18/01/23,33.0,00:36,1
18/01/23,Food,3.38E+11,18/01/23,20.0,14:36,1
18/01/23,Food,3.38E+11,18/01/23,60.0,03:20,1
18/01/23,Food,3.38E+11,18/01/23,40.0,21:55,1
18/01/23,Food,3.38E+11,18/01/23,40.0,12:50,0
19/01/23,Misc,3.02E+11,19/01/23,120.0,10:50,0
19/01/23,Misc,3.39E+11,19/01/23,130.0,20:22,1
19/01/23,Food,3.39E+11,19/01/23,30.0,11:53,1
19/01/23,Food,3.39E+11,19/01/23,12.0,04:10,0
19/01/23,Food,3.02E+11,19/01/23,25.0,06:43,0
19/01/23,Food,3.02E+11,19/01/23,55.0,04:59,1
20/01/23,Food,3.39E+11,20/01/23,10.0,15:30,1
20/01/23,Food,3.39E+11,20/01/23,42.0,20:59,1
20/01/23,Food,3.39E+11,20/01/23,30.0,03:14,0
20/01/23,Food,3.02E+11,20/01/23,20.0,12:51,0
20/01/23,Food,3.39E+11,20/01/23,40.0,04:48,1
20/01/23,Misc,3.39E+11,21/01/23,500.0,20:56,0
21/01/23,Food,3.02E+11,21/01/23,42.0,08:56,1
21/01/23,Food,3.02E+11,21/01/23,80.0,14:01,0
21/01/23,Food,3.02E+11,21/01/23,30.0,15:40,1
21/01/23,Food,3.39E+11,21/01/23,25.0,20:07,1
21/01/23,Misc,3.39E+11,21/01/23,200.0,03:05,1
21/01/23,Food,3.02E+11,21/01/23,30.0,23:15,0
21/01/23,Misc,3.39E+11,21/01/23,200.0,15:55,1
22/01/23,Misc,3.02E+11,22/01/23,2000.0,13:41,1
22/01/23,Food,3.39E+11,22/01/23,61.0,21:52,1
22/01/23,Misc,3.39E+11,22/01/23,115.0,21:32,0
22/01/23,Food,3.39E+11,22/01/23,30.0,16:23,0
23/01/23,Food,3.02E+11,23/01/23,15.0,17:14,1
23/01/23,Food,3.02E+11,23/01/23,33.0,05:34,0
23/01/23,Food,3.39E+11,23/01/23,65.0,09:29,0
23/01/23,Food,3.39E+11,23/01/23,30.0,03:51,1
23/01/23,Food,3.02E+11,23/01/23,70.0,00:25,1
23/01/23,Misc,3.39E+11,23/01/23,35.0,05:53,1
23/01/23,Food,3.39E+11,23/01/23,30.0,00:04,0
24/01/23,Food,3.39E+11,24/01/23,20.0,17:00,1
24/01/23,Food,3.39E+11,24/01/23,90.0,18:59,0
24/01/23,Food,3.02E+11,24/01/23,75.0,04:26,1
24/01/23,Food,3.02E+11,24/01/23,20.0,02:20,1
24/01/23,Food,3.39E+11,24/01/23,50.0,16:05,0
25/01/23,Food,3.03E+11,25/01/23,28.0,03:58,0
25/01/23,Salary,CHASR23023738798,25/01/23,34800.0,02:24,1
25/01/23,Food,3.39E+11,25/01/23,65.0,10:17,1
25/01/23,Food,3.03E+11,25/01/23,27.0,13:04,1
25/01/23,Food,3.03E+11,25/01/23,30.0,16:56,1
25/01/23,Misc,3.39E+11,25/01/23,10000.0,07:32,0
25/01/23,Misc,3.39E+11,25/01/23,350.0,21:49,1
25/01/23,Food,3.39E+11,25/01/23,40.0,09:17,1
25/01/23,Misc,3.39E+11,25/01/23,2.0,00:08,0
25/01/23,Misc,3.39E+11,25/01/23,135.0,10:09,0
26/01/23,Food,3.03E+11,26/01/23,20.0,18:36,1
26/01/23,Misc,3.03E+11,26/01/23,120.0,11:31,0
26/01/23,Shopping,3.03E+11,26/01/23,1081.0,23:30,0
26/01/23,Misc,3.03E+11,26/01/23,5000.0,02:09,0
26/01/23,Misc,3.39E+11,26/01/23,299.0,02:44,1
26/01/23,Misc,3.39E+11,26/01/23,2000.0,03:48,1
26/01/23,Misc,3.03E+11,26/01/23,1000.0,03:35,1
26/01/23,Misc,3.39E+11,26/01/23,5000.0,18:32,0
26/01/23,Misc,3.39E+11,26/01/23,5000.0,14:14,1
26/01/23,Food,3.39E+11,26/01/23,163.28,03:23,0
27/01/23,Food,3.03E+11,27/01/23,24.0,20:32,1
27/01/23,Misc,3.39E+11,27/01/23,288.0,17:56,1
27/01/23,Food,3.39E+11,27/01/23,70.0,18:28,1
27/01/23,Misc,3.39E+11,27/01/23,72.0,14:43,0
27/01/23,Misc,3.03E+11,27/01/23,7000.0,09:33,0
27/01/23,Misc,3.03E+11,27/01/23,17500.0,01:50,1
27/01/23,Food,3.39E+11,27/01/23,40.0,04:46,1
27/01/23,Food,3.39E+11,27/01/23,80.0,10:44,1
28/01/23,Food,3.39E+11,28/01/23,40.0,22:08,0
28/01/23,Food,3.03E+11,28/01/23,40.0,11:37,0
28/01/23,Misc,3.03E+11,28/01/23,1000.0,08:56,1
28/01/23,Food,3.39E+11,28/01/23,40.0,11:02,1
29/01/23,Food,3.40E+11,29/01/23,20.0,02:17,1
29/01/23,Food,3.03E+11,29/01/23,40.0,19:15,1
29/01/23,Misc,3.40E+11,29/01/23,149.0,16:03,1
29/01/23,Misc,3.03E+11,29/01/23,250.0,00:21,0
29/01/23,Misc,3.40E+11,29/01/23,250.0,22:48,1
29/01/23,Misc,3.40E+11,29/01/23,500.0,00:50,0
29/01/23,Food,3.40E+11,29/01/23,189.05,06:29,0
29/01/23,Food,3.40E+11,30/01/23,40.0,19:37,1
30/01/23,Food,3.03E+11,30/01/23,50.0,14:56,1
30/01/23,Food,3.40E+11,30/01/23,85.0,10:22,1
30/01/23,Food,3.40E+11,30/01/23,50.0,19:18,1
30/01/23,Food,3.40E+11,30/01/23,90.0,08:07,1
30/01/23,Food,3.40E+11,30/01/23,20.0,13:55,0
31/01/23,Food,3.03E+11,31/01/23,28.0,02:49,0
31/01/23,Misc,3.40E+11,31/01/23,125.0,03:26,1
31/01/23,Food,3.03E+11,31/01/23,40.0,02:56,0
31/01/23,Misc,3.03E+11,31/01/23,10000.0,11:04,0
31/01/23,Food,3.40E+11,31/01/23,154.44,13:45,1
1/2/2023,Food,3.03E+11,1/2/2023,30.0,16:25,0
1/2/2023,Food,3.40E+11,1/2/2023,20.0,08:26,0
1/2/2023,Food,3.03E+11,1/2/2023,80.0,08:51,0
2/2/2023,Rent,3.03E+11,2/2/2023,5776.0,19:47,0
2/2/2023,Food,3.40E+11,2/2/2023,20.0,08:19,1
2/2/2023,Food,3.03E+11,2/2/2023,144.87,02:14,1
2/2/2023,Food,3.40E+11,2/2/2023,40.0,20:18,1
2/2/2023,Food,3.40E+11,2/2/2023,30.0,03:57,1
2/2/2023,Misc,3.40E+11,2/2/2023,170.0,12:32,1
3/2/2023,Food,3.03E+11,3/2/2023,28.0,14:27,0
3/2/2023,Food,3.40E+11,3/2/2023,50.0,00:36,1
3/2/2023,Misc,3.03E+11,3/2/2023,500.0,04:38,0
3/2/2023,Misc,3.03E+11,3/2/2023,500.0,03:20,0
3/2/2023,Food,3.40E+11,3/2/2023,17.0,13:44,1
3/2/2023,Misc,3.40E+11,3/2/2023,190.0,11:03,1
3/2/2023,Food,3.40E+11,3/2/2023,40.0,22:18,1
4/2/2023,Misc,3.04E+11,4/2/2023,200.0,13:13,1
4/2/2023,Food,3.40E+11,4/2/2023,30.0,13:51,1
4/2/2023,Food,3.04E+11,4/2/2023,40.0,11:49,0
4/2/2023,Misc,3.40E+11,4/2/2023,152.0,16:31,0
4/2/2023,Misc,3.40E+11,4/2/2023,140.0,21:33,0
4/2/2023,Food,3.40E+11,4/2/2023,30.0,14:18,1
4/2/2023,Food,3.40E+11,4/2/2023,40.0,16:12,0
5/2/2023,Food,3.40E+11,5/2/2023,40.0,22:47,1
5/2/2023,Misc,3.40E+11,5/2/2023,180.0,21:27,0
6/2/2023,Food,3.40E+11,6/2/2023,80.0,19:39,1
6/2/2023,Food,3.40E+11,6/2/2023,100.0,01:34,0
6/2/2023,Food,3.04E+11,6/2/2023,20.0,08:07,1
6/2/2023,Misc,3.04E+11,6/2/2023,700.0,00:30,1
6/2/2023,Food,3.40E+11,6/2/2023,20.0,04:45,0
7/2/2023,Food,3.40E+11,7/2/2023,65.0,06:16,0
7/2/2023,Food,3.04E+11,7/2/2023,36.0,21:01,1
7/2/2023,Food,3.40E+11,7/2/2023,40.0,13:24,0
7/2/2023,Food,3.40E+11,7/2/2023,10.0,07:16,0
8/2/2023,Food,3.41E+11,8/2/2023,150.28,15:45,0
8/2/2023,Food,3.04E+11,8/2/2023,20.0,09:27,0
8/2/2023,Misc,3.04E+11,8/2/2023,500.0,18:37,1
8/2/2023,Food,3.41E+11,8/2/2023,30.0,08:50,0
9/2/2023,Food,3.04E+11,9/2/2023,33.0,22:24,1
9/2/2023,Food,3.41E+11,9/2/2023,30.0,15:48,0
9/2/2023,Shopping,3.04E+11,9/2/2023,474.0,11:12,1
9/2/2023,Food,3.41E+11,9/2/2023,32.0,06:04,0
9/2/2023,Food,3.41E+11,9/2/2023,20.0,15:48,0
10/2/2023,Food,3.04E+11,10/2/2023,40.0,01:51,1
10/2/2023,Food,3.41E+11,10/2/2023,54.0,22:46,0
10/2/2023,Food,3.41E+11,10/2/2023,51.0,12:40,0
10/2/2023,Food,3.04E+11,10/2/2023,60.0,03:14,1
10/2/2023,Food,3.04E+11,10/2/2023,39.0,18:49,1
10/2/2023,Food,3.41E+11,10/2/2023,30.0,15:10,1
10/2/2023,Food,3.41E+11,10/2/2023,52.0,03:27,1
11/2/2023,Shopping,3.04E+11,11/2/2023,249.0,10:14,1
11/2/2023,Shopping,3.04E+11,11/2/2023,225.0,12:38,1
11/2/2023,Shopping,3.04E+11,11/2/2023,261.0,06:13,0
11/2/2023,Food,3.04E+11,11/2/2023,32.0,03:04,0
11/2/2023,Food,3.04E+11,11/2/2023,150.28,22:22,0
11/2/2023,Food,3.41E+11,11/2/2023,60.0,05:15,0
11/2/2023,Misc,3.04E+11,11/2/2023,500.0,23:29,0
12/2/2023,Misc,3.41E+11,12/2/2023,330.0,11:14,0
12/2/2023,Food,3.41E+11,12/2/2023,44.0,00:42,0
12/2/2023,Food,3.41E+11,12/2/2023,100.0,11:25,1
12/2/2023,Misc,3.04E+11,12/2/2023,500.0,08:11,0
12/2/2023,Misc,3.04E+11,12/2/2023,117.0,20:31,1
12/2/2023,Food,3.04E+11,12/2/2023,25.0,10:27,0
12/2/2023,Food,3.04E+11,12/2/2023,30.0,22:22,1
13/02/23,Food,3.04E+11,13/02/23,40.0,11:46,0
13/02/23,Food,3.41E+11,13/02/23,173.7,05:43,0
13/02/23,Food,3.04E+11,13/02/23,67.0,15:20,0
13/02/23,Food,3.41E+11,13/02/23,40.0,08:55,1
14/02/23,Food,3.41E+11,14/02/23,40.0,02:02,0
14/02/23,Food,3.05E+11,14/02/23,242.45,19:25,0
14/02/23,Food,3.05E+11,14/02/23,60.0,23:56,1
15/02/23,Food,3.05E+11,15/02/23,40.0,21:00,0
15/02/23,Food,3.05E+11,15/02/23,148.0,19:31,0
15/02/23,Misc,3.05E+11,15/02/23,130.0,14:56,0
16/02/23,Food,3.05E+11,16/02/23,30.0,20:46,0
16/02/23,Food,3.41E+11,16/02/23,40.0,21:06,0
16/02/23,Misc,3.05E+11,16/02/23,80.0,03:18,1
16/02/23,Food,3.05E+11,16/02/23,100.0,03:22,0
16/02/23,Misc,3.41E+11,16/02/23,1500.0,07:46,0
17/02/23,Misc,3.05E+11,17/02/23,5.0,09:59,0
17/02/23,Food,3.41E+11,17/02/23,20.0,09:25,0
17/02/23,Food,3.05E+11,17/02/23,30.0,09:13,1
17/02/23,Food,3.41E+11,17/02/23,65.0,23:12,1
17/02/23,Food,3.41E+11,17/02/23,30.0,03:37,1
17/02/23,Food,3.41E+11,17/02/23,70.0,14:19,0
17/02/23,Food,3.05E+11,17/02/23,50.0,18:31,1
17/02/23,Misc,3.05E+11,17/02/23,475.0,12:55,1
17/02/23,Food,3.41E+11,17/02/23,30.0,03:28,0
18/02/23,Food,3.42E+11,18/02/23,10.0,09:59,0
18/02/23,Food,3.05E+11,18/02/23,60.0,10:56,1
18/02/23,Food,3.42E+11,18/02/23,20.0,13:19,0
18/02/23,Food,3.42E+11,18/02/23,70.0,07:40,1
18/02/23,Food,3.42E+11,18/02/23,20.0,07:40,1
19/02/23,Misc,3.05E+11,19/02/23,150.5,21:57,1
19/02/23,Misc,3.05E+11,19/02/23,136.0,01:25,1
19/02/23,Misc,3.42E+11,19/02/23,8.0,12:47,0
19/02/23,Food,3.05E+11,19/02/23,67.0,02:29,0
19/02/23,Food,3.05E+11,19/02/23,100.0,02:28,0
19/02/23,Food,3.42E+11,19/02/23,40.0,01:52,0
20/02/23,Food,3.42E+11,20/02/23,40.0,05:42,1
20/02/23,Misc,3.42E+11,20/02/23,500.0,08:10,1
20/02/23,Food,3.05E+11,20/02/23,65.0,04:20,1
20/02/23,Food,3.42E+11,20/02/23,20.0,00:17,1
20/02/23,Food,3.05E+11,20/02/23,45.0,11:00,1
21/02/23,Food,3.42E+11,21/02/23,33.0,02:39,1
21/02/23,Food,3.05E+11,21/02/23,40.0,05:38,0
21/02/23,Food,3.42E+11,21/02/23,30.0,21:34,1
21/02/23,Food,3.05E+11,21/02/23,50.0,16:01,1
21/02/23,Food,3.05E+11,21/02/23,35.0,08:48,0
22/02/23,Misc,3.42E+11,22/02/23,6000.0,01:22,0
22/02/23,Misc,3.05E+11,22/02/23,5500.0,17:45,1
22/02/23,Food,3.42E+11,22/02/23,50.0,16:58,0
22/02/23,Food,3.42E+11,22/02/23,35.0,03:49,1
22/02/23,Food,3.05E+11,22/02/23,50.0,08:22,0
22/02/23,Food,3.05E+11,22/02/23,42.0,20:39,0
23/02/23,Food,3.42E+11,23/02/23,20.0,04:28,0
23/02/23,Food,3.05E+11,23/02/23,40.0,16:01,0
23/02/23,Misc,3.42E+11,23/02/23,400.0,03:21,0
23/02/23,Food,3.05E+11,23/02/23,30.0,07:02,0
23/02/23,Food,3.05E+11,23/02/23,40.0,03:32,0
24/02/23,Salary,CHASS23053481613,24/02/23,34800.0,18:50,0
24/02/23,Food,3.06E+11,24/02/23,70.0,17:06,0
24/02/23,Food,3.06E+11,24/02/23,40.0,01:38,1
24/02/23,Misc,3.06E+11,24/02/23,799.0,18:35,1
24/02/23,Misc,3.42E+11,24/02/23,180.0,17:53,1
24/02/23,Food,3.42E+11,24/02/23,75.0,20:36,0
24/02/23,Misc,3.06E+11,24/02/23,642.0,02:23,1
24/02/23,Food,3.42E+11,24/02/23,12.0,05:51,0
25/02/23,Misc,3.42E+11,25/02/23,10000.0,05:58,0
25/02/23,Misc,3.06E+11,25/02/23,140.0,12:18,0
25/02/23,Food,3.42E+11,25/02/23,20.0,12:38,0
25/02/23,Food,3.42E+11,25/02/23,10.0,21:25,1
25/02/23,Food,3.42E+11,25/02/23,40.0,02:46,0
25/02/23,Misc,3.42E+11,25/02/23,500.0,15:15,0
25/02/23,Food,3.42E+11,25/02/23,25.0,21:49,1
25/02/23,Misc,3.42E+11,25/02/23,2000.0,07:27,0
25/02/23,Misc,3.42E+11,25/02/23,4003.0,07:21,1
26/02/23,Food,3.06E+11,26/02/23,34.0,11:01,0
26/02/23,Food,3.06E+11,26/02/23,22.0,22:09,0
26/02/23,Food,3.06E+11,26/02/23,10.0,17:51,0
26/02/23,Misc,3.06E+11,26/02/23,3400.0,06:17,0
26/02/23,Food,3.42E+11,26/02/23,20.0,07:11,0
26/02/23,Misc,3.06E+11,26/02/23,4000.0,18:00,1
26/02/23,Shopping,3.06E+11,26/02/23,251.0,11:55,0
26/02/23,Misc,3.42E+11,26/02/23,1000.0,19:03,1
26/02/23,Shopping,3.42E+11,26/02/23,429.0,17:57,1
26/02/23,Misc,3.06E+11,26/02/23,2000.0,09:54,1
26/02/23,Misc,3.06E+11,26/02/23,302.0,14:36,1
27/02/23,Shopping,3.06E+11,27/02/23,299.0,21:20,1
27/02/23,Food,3.06E+11,27/02/23,20.0,09:19,1
27/02/23,Food,3.42E+11,27/02/23,40.0,18:47,0
27/02/23,Misc,3.06E+11,27/02/23,570.0,00:05,1
27/02/23,Misc,3.06E+11,27/02/23,306.0,09:20,0
27/02/23,Food,3.06E+11,27/02/23,100.0,11:04,0
27/02/23,Misc,3.06E+11,27/02/23,1315.0,17:41,0
27/02/23,Food,3.42E+11,27/02/23,25.0,09:16,1
27/02/23,Food,3.42E+11,27/02/23,20.0,00:16,0
28/02/23,Food,3.06E+11,28/02/23,68.0,22:57,0
28/02/23,Food,3.43E+11,28/02/23,65.0,16:05,1
28/02/23,Food,3.43E+11,28/02/23,40.0,10:32,1
28/02/23,Misc,3.06E+11,28/02/23,830.0,04:22,1
1/3/2023,Food,3.43E+11,1/3/2023,60.0,20:03,0
1/3/2023,Food,3.43E+11,1/3/2023,30.0,03:08,1
2/3/2023,Food,3.43E+11,2/3/2023,28.0,19:28,1
2/3/2023,Misc,3.43E+11,2/3/2023,110.0,08:41,1
2/3/2023,Food,3.43E+11,2/3/2023,50.0,14:10,0
2/3/2023,Misc,3.43E+11,2/3/2023,500.0,23:38,0
2/3/2023,Food,3.43E+11,2/3/2023,30.0,00:28,1
3/3/2023,Food,3.43E+11,3/3/2023,33.0,19:31,1
3/3/2023,Misc,3.43E+11,3/3/2023,240.0,08:44,0
3/3/2023,Food,3.43E+11,3/3/2023,60.0,07:11,0
3/3/2023,Rent,3.06E+11,3/3/2023,6490.0,23:34,1
3/3/2023,Food,3.06E+11,3/3/2023,35.0,13:27,0
4/3/2023,Misc,3.06E+11,4/3/2023,105.0,17:49,0
4/3/2023,Food,3.06E+11,4/3/2023,10.0,20:07,1
4/3/2023,Food,3.43E+11,4/3/2023,30.0,23:39,1
4/3/2023,Food,3.43E+11,4/3/2023,25.0,00:38,0
4/3/2023,Misc,3.06E+11,4/3/2023,200.0,11:55,0
4/3/2023,Misc,3.43E+11,4/3/2023,420.0,04:58,1
4/3/2023,Food,3.43E+11,4/3/2023,40.0,00:05,1
5/3/2023,Food,3.06E+11,5/3/2023,30.0,10:09,0
5/3/2023,Food,3.43E+11,5/3/2023,100.0,14:24,1
5/3/2023,Misc,3.06E+11,5/3/2023,300.0,22:12,1
5/3/2023,Food,3.06E+11,5/3/2023,40.0,20:40,0
5/3/2023,Misc,3.06E+11,5/3/2023,500.0,18:33,1
5/3/2023,Food,3.06E+11,5/3/2023,20.0,04:59,1
6/3/2023,Misc,3.43E+11,6/3/2023,131.0,22:14,1
6/3/2023,Food,3.43E+11,6/3/2023,50.0,03:45,0
6/3/2023,Food,3.07E+11,6/3/2023,37.0,19:15,1
6/3/2023,Food,3.43E+11,6/3/2023,40.0,07:04,1
7/3/2023,Food,3.43E+11,7/3/2023,72.0,08:22,1
7/3/2023,Food,3.43E+11,7/3/2023,50.0,13:52,1
7/3/2023,Food,3.07E+11,7/3/2023,25.0,05:02,1
7/3/2023,Food,3.43E+11,7/3/2023,35.0,00:07,1
8/3/2023,Misc,3.07E+11,8/3/2023,7.0,08:45,1
8/3/2023,Food,3.07E+11,8/3/2023,30.0,15:08,1
8/3/2023,Food,3.07E+11,8/3/2023,75.0,15:05,0
8/3/2023,Misc,3.07E+11,8/3/2023,150.5,21:39,1
8/3/2023,Food,3.07E+11,8/3/2023,40.0,11:15,1
9/3/2023,Food,3.07E+11,9/3/2023,99.0,04:15,1
9/3/2023,Food,3.07E+11,9/3/2023,34.0,07:41,1
9/3/2023,Misc,3.43E+11,9/3/2023,205.0,13:25,1
9/3/2023,Food,3.43E+11,9/3/2023,60.0,10:22,1
9/3/2023,Food,3.07E+11,9/3/2023,79.0,20:25,0
9/3/2023,Food,3.43E+11,9/3/2023,160.87,14:25,0
10/3/2023,Food,3.07E+11,10/3/2023,50.0,17:19,0
10/3/2023,Food,3.44E+11,10/3/2023,50.0,19:29,1
10/3/2023,Food,3.07E+11,10/3/2023,214.96,03:09,0
10/3/2023,Misc,3.07E+11,10/3/2023,300.0,09:11,1
10/3/2023,Food,3.07E+11,10/3/2023,70.0,18:35,1
11/3/2023,Food,3.07E+11,11/3/2023,62.0,21:26,0
11/3/2023,Misc,3.44E+11,11/3/2023,210.0,02:39,1
11/3/2023,Misc,3.07E+11,11/3/2023,500.0,19:18,0
11/3/2023,Food,3.44E+11,11/3/2023,60.0,21:08,0
11/3/2023,Food,3.44E+11,11/3/2023,25.3,11:01,0
12/3/2023,Misc,3.07E+11,12/3/2023,300.0,23:35,0
12/3/2023,Food,3.07E+11,12/3/2023,30.0,18:50,0
12/3/2023,Food,3.07E+11,12/3/2023,40.0,13:49,0
12/3/2023,Food,3.44E+11,12/3/2023,54.0,23:46,0
12/3/2023,Food,3.44E+11,12/3/2023,40.0,01:55,1
13/03/23,Food,3.07E+11,13/03/23,20.0,06:10,1
13/03/23,Food,3.07E+11,13/03/23,47.0,10:10,0
13/03/23,Food,3.44E+11,13/03/23,65.0,21:24,0
13/03/23,Food,3.07E+11,13/03/23,50.0,16:31,1
13/03/23,Food,3.07E+11,13/03/23,85.0,16:43,0
14/03/23,Misc,3.07E+11,14/03/23,1000.0,03:27,0
14/03/23,Food,3.44E+11,14/03/23,79.0,17:13,1
14/03/23,Food,3.07E+11,14/03/23,30.0,10:14,0
14/03/23,Food,3.07E+11,14/03/23,55.0,09:55,1
15/03/23,Food,3.44E+11,15/03/23,33.0,12:05,1
15/03/23,Food,3.44E+11,15/03/23,50.0,13:23,1
15/03/23,Food,3.07E+11,16/03/23,55.0,06:42,1
16/03/23,Misc,3.08E+11,16/03/23,136.0,06:39,0
16/03/23,Food,3.44E+11,16/03/23,50.0,07:49,0
16/03/23,Food,3.44E+11,16/03/23,35.0,08:37,0
16/03/23,Food,3.08E+11,16/03/23,30.0,13:38,1
16/03/23,Food,3.08E+11,16/03/23,65.0,07:11,1
17/03/23,Food,3.08E+11,17/03/23,50.0,16:53,1
17/03/23,Food,3.08E+11,17/03/23,30.0,22:56,1
17/03/23,Food,3.08E+11,17/03/23,30.0,15:43,0
17/03/23,Food,3.08E+11,17/03/23,75.0,08:24,0
18/03/23,Food,3.44E+11,18/03/23,30.0,03:17,0
18/03/23,Food,3.08E+11,18/03/23,35.0,06:21,0
18/03/23,Food,3.08E+11,18/03/23,30.0,17:30,1
19/03/23,Food,3.44E+11,19/03/23,61.0,07:18,1
19/03/23,Food,3.08E+11,19/03/23,30.0,20:25,0
19/03/23,Food,3.08E+11,19/03/23,10.0,02:29,1
20/03/23,Food,3.08E+11,20/03/23,30.0,16:37,0
21/03/23,Misc,3.08E+11,21/03/23,60.0,18:49,1
21/03/23,Misc,3.45E+11,21/03/23,40.0,13:40,1
22/03/23,Misc,3.45E+11,22/03/23,2.0,23:49,1
22/03/23,Food,3.45E+11,22/03/23,42.0,04:42,1
24/03/23,Salary,CHAST23081324539,24/03/23,34800.0,04:31,1
24/03/23,Misc,3.45E+11,24/03/23,11000.0,12:39,0
24/03/23,Misc,3.45E+11,24/03/23,1926.72,17:11,1
24/03/23,Shopping,3.08E+11,24/03/23,670.0,23:56,1
24/03/23,Misc,3.45E+11,24/03/23,1479.0,22:53,0
24/03/23,Food,3.08E+11,24/03/23,81.0,20:14,0
24/03/23,Food,3.45E+11,24/03/23,48.0,01:32,0
24/03/23,Food,3.45E+11,24/03/23,72.0,05:01,1
24/03/23,Food,3.08E+11,24/03/23,42.0,23:57,1
24/03/23,Misc,3.08E+11,24/03/23,5000.0,01:53,0
24/03/23,Misc,3.08E+11,24/03/23,660.0,19:01,0
24/03/23,Food,3.45E+11,24/03/23,66.0,21:36,1
24/03/23,Food,3.45E+11,24/03/23,30.0,23:58,1
24/03/23,Food,3.45E+11,24/03/23,100.0,19:25,1
24/03/23,Misc,3.08E+11,24/03/23,1500.0,22:12,1
24/03/23,Food,3.08E+11,24/03/23,10.0,22:08,1
25/03/23,Food,3.08E+11,25/03/23,76.0,07:50,0
25/03/23,Food,3.45E+11,25/03/23,22.0,09:12,0
25/03/23,Food,3.45E+11,25/03/23,87.0,17:24,0
25/03/23,Misc,3.08E+11,25/03/23,470.0,09:19,1
25/03/23,Misc,3.08E+11,26/03/23,2826.0,22:03,1
26/03/23,Food,3.09E+11,26/03/23,32.0,00:10,1
26/03/23,Food,3.09E+11,26/03/23,72.0,19:07,1
26/03/23,Food,3.45E+11,26/03/23,10.0,04:52,1
26/03/23,Misc,3.45E+11,26/03/23,421.0,17:28,0
26/03/23,Misc,3.09E+11,26/03/23,150.0,20:14,0
26/03/23,Food,3.09E+11,26/03/23,80.0,21:08,1
26/03/23,Food,3.45E+11,26/03/23,41.0,16:46,1
26/03/23,Misc,3.45E+11,26/03/23,1000.0,03:35,0
26/03/23,Misc,3.09E+11,26/03/23,802.0,10:35,0
26/03/23,Misc,3.09E+11,26/03/23,927.0,01:17,1
26/03/23,Food,3.09E+11,26/03/23,10.0,20:23,0
27/03/23,Shopping,3.45E+11,27/03/23,254.0,04:53,1
27/03/23,Misc,3.45E+11,27/03/23,5130.0,04:53,1
27/03/23,Food,3.45E+11,27/03/23,40.0,16:12,0
28/03/23,Misc,3.45E+11,28/03/23,210.9,16:45,1
28/03/23,Misc,3.45E+11,28/03/23,144.0,15:07,1
28/03/23,Misc,3.09E+11,28/03/23,1000.0,10:58,1
28/03/23,Food,3.45E+11,28/03/23,52.0,13:47,0
28/03/23,Food,3.45E+11,28/03/23,30.0,08:46,0
28/03/23,Food,3.45E+11,28/03/23,42.0,11:39,1
29/03/23,Food,3.45E+11,29/03/23,22.0,20:30,0
29/03/23,Food,3.45E+11,29/03/23,32.0,06:19,1
29/03/23,Misc,3.45E+11,29/03/23,353.0,09:42,1
29/03/23,Food,3.45E+11,29/03/23,42.0,15:45,0
29/03/23,Food,3.09E+11,29/03/23,15.35,03:50,1
29/03/23,Misc,3.09E+11,29/03/23,220.0,19:01,0
29/03/23,Food,3.45E+11,29/03/23,20.0,12:43,1
30/03/23,Food,3.46E+11,30/03/23,90.0,18:18,1
30/03/23,Misc,3.46E+11,30/03/23,150.0,17:14,1
30/03/23,Food,3.46E+11,30/03/23,42.0,10:59,1
30/03/23,Food,3.46E+11,30/03/23,15.35,02:25,0
30/03/23,Misc,3.46E+11,30/03/23,354.0,01:37,1
30/03/23,Food,3.46E+11,30/03/23,55.0,11:56,0
30/03/23,Food,3.09E+11,30/03/23,75.0,03:56,0
30/03/23,Food,3.09E+11,30/03/23,50.0,12:08,0
31/03/23,Food,3.46E+11,31/03/23,47.0,04:50,0
31/03/23,Food,3.46E+11,31/03/23,40.0,01:34,1
31/03/23,Misc,3.46E+11,31/03/23,115.0,17:26,1
31/03/23,Food,3.46E+11,31/03/23,22.0,00:11,0
1/4/2023,Rent,3.09E+11,1/4/2023,6356.0,07:44,0
1/4/2023,Misc,0,31/03/23,32.0,04:11,0
1/4/2023,Food,3.09E+11,1/4/2023,42.0,03:40,0
1/4/2023,Food,3.09E+11,1/4/2023,267.15,05:36,0
1/4/2023,Misc,3.09E+11,1/4/2023,550.0,06:49,1
1/4/2023,Food,3.46E+11,1/4/2023,42.0,03:12,0
2/4/2023,Food,3.46E+11,2/4/2023,32.0,02:17,0
2/4/2023,Misc,3.09E+11,2/4/2023,150.0,08:31,1
2/4/2023,Misc,3.46E+11,2/4/2023,1200.0,01:10,1
3/4/2023,Misc,3.46E+11,3/4/2023,1200.0,04:48,0
3/4/2023,Food,3.46E+11,3/4/2023,82.0,00:10,0
3/4/2023,Food,3.09E+11,3/4/2023,85.0,13:11,0
3/4/2023,Misc,3.09E+11,3/4/2023,295.0,19:29,1
3/4/2023,Food,3.09E+11,3/4/2023,20.0,09:34,1
3/4/2023,Food,3.46E+11,3/4/2023,10.0,21:10,0
4/4/2023,Misc,3.46E+11,4/4/2023,150.0,05:12,1
4/4/2023,Food,3.46E+11,4/4/2023,52.0,01:49,0
4/4/2023,Misc,3.09E+11,4/4/2023,1000.0,07:39,1
4/4/2023,Misc,3.46E+11,4/4/2023,144.0,08:48,1
4/4/2023,Food,3.09E+11,4/4/2023,65.0,22:10,0
4/4/2023,Shopping,3.46E+11,4/4/2023,54.0,20:02,0
5/4/2023,Shopping,3.10E+11,5/4/2023,54.0,07:57,1
5/4/2023,Misc,3.10E+11,5/4/2023,2000.0,03:47,0
5/4/2023,Food,3.10E+11,5/4/2023,42.0,21:11,1
5/4/2023,Misc,3.10E+11,5/4/2023,300.0,12:46,1
5/4/2023,Food,3.10E+11,5/4/2023,90.0,03:51,0
6/4/2023,Food,3.10E+11,6/4/2023,30.0,06:52,1
6/4/2023,Food,3.10E+11,6/4/2023,20.0,20:41,1
6/4/2023,Misc,3.46E+11,6/4/2023,250.0,07:58,1
6/4/2023,Misc,3.10E+11,6/4/2023,120.0,19:27,0
6/4/2023,Food,3.10E+11,6/4/2023,20.0,00:03,1
7/4/2023,Food,3.10E+11,7/4/2023,55.0,05:16,0
7/4/2023,Food,3.10E+11,7/4/2023,10.0,11:00,0
7/4/2023,Food,3.10E+11,7/4/2023,50.0,09:13,1
7/4/2023,Food,3.46E+11,7/4/2023,32.0,19:38,0
7/4/2023,Food,3.10E+11,7/4/2023,65.0,07:04,0
7/4/2023,Food,3.10E+11,7/4/2023,20.0,21:03,0
7/4/2023,Misc,3.46E+11,7/4/2023,220.0,05:19,1
7/4/2023,Food,3.46E+11,7/4/2023,51.0,08:17,0
8/4/2023,Food,3.46E+11,8/4/2023,50.0,11:16,0
8/4/2023,Misc,3.10E+11,8/4/2023,1000.0,14:07,1
8/4/2023,Food,3.46E+11,8/4/2023,70.0,00:24,0
8/4/2023,Food,3.10E+11,8/4/2023,208.28,08:11,0
9/4/2023,Misc,3.47E+11,9/4/2023,310.0,19:22,0
9/4/2023,Food,3.47E+11,9/4/2023,76.0,06:27,1
9/4/2023,Food,3.47E+11,9/4/2023,100.0,10:02,0
9/4/2023,Food,3.47E+11,9/4/2023,20.0,19:08,0
10/4/2023,Misc,3.47E+11,10/4/2023,138.0,02:08,0
10/4/2023,Misc,3.10E+11,10/4/2023,4000.0,23:25,1
10/4/2023,Misc,3.10E+11,10/4/2023,3000.0,00:38,1
10/4/2023,Misc,3.47E+11,10/4/2023,140.0,19:52,1
10/4/2023,Food,3.47E+11,10/4/2023,20.0,14:33,0
11/4/2023,Food,3.10E+11,11/4/2023,40.0,00:24,1
11/4/2023,Food,3.47E+11,11/4/2023,65.0,19:21,0
11/4/2023,Misc,3.47E+11,11/4/2023,140.0,06:04,0
12/4/2023,Food,3.47E+11,12/4/2023,20.0,01:31,1
12/4/2023,Food,3.47E+11,12/4/2023,46.0,12:51,0
12/4/2023,Misc,3.10E+11,12/4/2023,1000.0,18:11,0
12/4/2023,Misc,3.10E+11,12/4/2023,300.0,13:37,0
12/4/2023,Misc,3.47E+11,12/4/2023,185.0,09:07,0
12/4/2023,Food,3.47E+11,12/4/2023,80.0,04:22,1
13/04/23,Food,3.47E+11,13/04/23,72.0,17:42,0
13/04/23,Food,3.10E+11,13/04/23,50.0,03:59,0
13/04/23,Food,3.10E+11,13/04/23,25.0,02:31,0
13/04/23,Food,3.10E+11,13/04/23,56.0,20:54,0
13/04/23,Food,3.47E+11,13/04/23,220.68,13:09,0
13/04/23,Food,3.47E+11,13/04/23,86.0,15:51,0
14/04/23,Food,3.47E+11,14/04/23,65.0,23:51,1
14/04/23,Food,3.10E+11,14/04/23,66.0,04:18,0
14/04/23,Food,3.47E+11,14/04/23,100.0,09:23,0
14/04/23,Misc,3.47E+11,14/04/23,160.0,04:19,0
14/04/23,Food,3.47E+11,14/04/23,70.0,17:25,0
15/04/23,Food,3.11E+11,15/04/23,30.0,18:57,1
15/04/23,Food,3.11E+11,15/04/23,100.0,13:05,1
15/04/23,Food,3.47E+11,15/04/23,272.26,13:25,1
15/04/23,Misc,3.47E+11,15/04/23,110.0,23:45,0
15/04/23,Food,3.47E+11,15/04/23,75.0,02:47,1
15/04/23,Food,3.47E+11,15/04/23,40.0,03:24,0
16/04/23,Misc,3.11E+11,16/04/23,9.0,09:51,0
16/04/23,Misc,3.47E+11,16/04/23,500.0,23:59,1
16/04/23,Misc,3.47E+11,16/04/23,120.0,22:44,0
16/04/23,Food,3.47E+11,16/04/23,50.0,22:26,0
16/04/23,Shopping,3.47E+11,16/04/23,189.0,12:56,0
16/04/23,Food,3.47E+11,16/04/23,30.0,15:53,1
16/04/23,Food,3.47E+11,16/04/23,65.0,02:43,0
16/04/23,Food,3.47E+11,16/04/23,10.0,19:57,0
16/04/23,Food,3.11E+11,16/04/23,30.0,06:32,0
16/04/23,Food,3.47E+11,16/04/23,80.0,14:30,1
16/04/23,Food,3.47E+11,16/04/23,45.0,16:14,0
17/04/23,Food,3.47E+11,17/04/23,65.0,15:07,1
17/04/23,Food,3.11E+11,17/04/23,50.0,08:32,1
17/04/23,Food,3.11E+11,17/04/23,15.3,00:01,0
17/04/23,Food,3.47E+11,17/04/23,30.0,10:54,1
18/04/23,Food,3.47E+11,18/04/23,20.0,11:47,1
19/04/23,Food,3.11E+11,19/04/23,40.0,13:45,1
19/04/23,Misc,3.48E+11,19/04/23,35.0,07:54,0
20/04/23,Misc,3.11E+11,20/04/23,1180.0,06:43,1
20/04/23,Food,3.11E+11,20/04/23,41.0,13:26,0
20/04/23,Food,3.11E+11,20/04/23,20.0,21:15,1
20/04/23,Food,3.48E+11,20/04/23,41.0,15:04,1
20/04/23,Food,3.48E+11,20/04/23,90.0,09:10,0
20/04/23,Food,3.48E+11,20/04/23,75.0,06:21,1
21/04/23,Food,3.11E+11,21/04/23,60.0,21:39,1
21/04/23,Food,3.48E+11,21/04/23,90.0,11:42,0
21/04/23,Misc,3.48E+11,21/04/23,130.0,18:43,1
21/04/23,Food,3.48E+11,21/04/23,231.4,07:30,1
22/04/23,Food,3.11E+11,22/04/23,40.0,01:22,1
22/04/23,Misc,3.48E+11,22/04/23,120.0,09:00,0
22/04/23,Food,3.48E+11,22/04/23,50.0,02:17,1
22/04/23,Food,3.11E+11,22/04/23,25.0,18:58,0
22/04/23,Food,3.11E+11,22/04/23,20.0,14:12,0
22/04/23,Food,3.48E+11,22/04/23,50.0,05:27,1
22/04/23,Food,3.48E+11,22/04/23,90.0,22:43,1
22/04/23,Food,3.48E+11,22/04/23,35.0,04:54,1
22/04/23,Food,3.48E+11,22/04/23,10.0,18:47,1
23/04/23,Misc,3.11E+11,23/04/23,1745.0,14:22,1
23/04/23,Misc,3.48E+11,23/04/23,730.0,18:31,0
23/04/23,Food,3.48E+11,23/04/23,20.0,01:52,1
23/04/23,Food,3.48E+11,23/04/23,65.0,12:34,1
24/04/23,Food,3.11E+11,24/04/23,40.0,00:34,0
24/04/23,Food,3.11E+11,24/04/23,20.0,09:42,1
24/04/23,Food,3.48E+11,24/04/23,20.0,16:04,0
24/04/23,Food,3.48E+11,24/04/23,78.0,02:58,1
24/04/23,Misc,3.11E+11,24/04/23,539.0,08:36,0
24/04/23,Food,3.48E+11,24/04/23,40.0,19:19,0
24/04/23,Food,3.48E+11,24/04/23,85.0,10:44,0
24/04/23,Food,3.11E+11,24/04/23,15.3,16:17,1
24/04/23,Food,3.48E+11,24/04/23,30.0,01:48,1
24/04/23,Food,3.48E+11,24/04/23,342.4,00:47,1
24/04/23,Food,3.48E+11,24/04/23,292.4,05:06,0
24/04/23,Food,3.48E+11,24/04/23,205.45,02:06,0
25/04/23,Food,3.12E+11,25/04/23,29.3,15:48,0
25/04/23,Salary,CHAST23111858452,25/04/23,34800.0,03:09,0
25/04/23,Misc,3.12E+11,25/04/23,10000.0,14:28,0
25/04/23,Misc,3.12E+11,25/04/23,999.0,05:13,0
25/04/23,Misc,3.48E+11,25/04/23,110.0,11:56,1
25/04/23,Food,3.48E+11,25/04/23,50.0,19:09,0
25/04/23,Misc,3.12E+11,25/04/23,1.0,06:21,0
25/04/23,Misc,3.12E+11,25/04/23,4999.0,20:02,1
25/04/23,Misc,3.48E+11,25/04/23,275.0,06:09,1
25/04/23,Misc,3.12E+11,25/04/23,141.0,19:46,1
25/04/23,Food,3.48E+11,25/04/23,92.0,06:56,1
25/04/23,Food,3.48E+11,25/04/23,28.0,02:36,1
26/04/23,Shopping,3.12E+11,26/04/23,399.0,06:28,1
26/04/23,Food,3.48E+11,26/04/23,95.0,05:52,0
26/04/23,Shopping,3.48E+11,26/04/23,539.0,05:00,1
26/04/23,Food,3.12E+11,26/04/23,85.0,13:10,1
26/04/23,Misc,3.48E+11,26/04/23,1000.0,09:13,0
26/04/23,Misc,3.48E+11,26/04/23,120.0,04:43,0
26/04/23,Food,3.48E+11,26/04/23,30.0,22:02,1
27/04/23,Food,3.12E+11,27/04/23,30.0,13:37,0
27/04/23,Shopping,3.12E+11,27/04/23,400.0,21:07,0
27/04/23,Misc,3.12E+11,27/04/23,190.0,17:23,1
27/04/23,Shopping,3.12E+11,27/04/23,400.0,03:30,0
27/04/23,Misc,3.12E+11,27/04/23,2023.0,13:17,0
27/04/23,Food,3.12E+11,27/04/23,15.0,19:03,1
27/04/23,Food,3.12E+11,27/04/23,287.95,08:47,1
27/04/23,Shopping,3.48E+11,27/04/23,700.0,21:34,1
27/04/23,Food,3.48E+11,27/04/23,20.0,13:16,1
27/04/23,Food,3.12E+11,27/04/23,100.0,05:51,0
27/04/23,Food,3.48E+11,27/04/23,100.0,22:18,0
27/04/23,Food,3.48E+11,27/04/23,28.0,16:50,1
28/04/23,Food,3.12E+11,28/04/23,10.0,14:42,0
28/04/23,Food,3.12E+11,28/04/23,70.0,23:18,0
28/04/23,Food,3.12E+11,28/04/23,10.0,05:28,0
28/04/23,Misc,3.48E+11,28/04/23,180.0,01:35,1
28/04/23,Misc,3.48E+11,28/04/23,120.0,05:53,1
28/04/23,Food,3.48E+11,28/04/23,30.0,06:26,0
28/04/23,Food,3.48E+11,28/04/23,75.0,12:49,0
28/04/23,Food,3.48E+11,28/04/23,42.0,10:39,0
28/04/23,Misc,3.48E+11,28/04/23,180.0,22:42,0
28/04/23,Misc,3.12E+11,28/04/23,90.0,14:46,1
28/04/23,Food,3.48E+11,28/04/23,35.0,08:05,0
28/04/23,Food,3.48E+11,28/04/23,30.0,07:28,0
29/04/23,Misc,3.49E+11,29/04/23,220.0,13:43,1
29/04/23,Food,3.49E+11,29/04/23,40.0,05:19,0
29/04/23,Food,3.12E+11,29/04/23,75.0,15:10,0
29/04/23,Misc,3.49E+11,29/04/23,280.0,10:10,0
29/04/23,Misc,3.49E+11,29/04/23,120.0,03:09,0
29/04/23,Food,3.49E+11,29/04/23,60.0,10:27,1
29/04/23,Food,3.49E+11,29/04/23,40.0,18:35,0
30/04/23,Food,3.12E+11,30/04/23,64.0,03:11,1
30/04/23,Food,3.12E+11,30/04/23,80.0,14:32,0
30/04/23,Shopping,3.49E+11,30/04/23,1044.0,18:38,1
30/04/23,Food,3.49E+11,30/04/23,300.35,05:31,0
30/04/23,Food,3.49E+11,30/04/23,85.0,04:51,1
30/04/23,Misc,3.49E+11,1/5/2023,152.0,17:22,0
30/04/23,Food,3.49E+11,1/5/2023,50.0,05:27,0
1/5/2023,Rent,3.12E+11,1/5/2023,6463.0,03:57,0
1/5/2023,Food,3.12E+11,1/5/2023,65.0,05:21,0
1/5/2023,Misc,3.12E+11,1/5/2023,350.0,08:33,0
1/5/2023,Misc,3.12E+11,1/5/2023,240.0,04:44,1
1/5/2023,Misc,3.12E+11,1/5/2023,120.0,17:41,1
1/5/2023,Food,3.12E+11,1/5/2023,35.0,23:51,1
1/5/2023,Food,3.49E+11,1/5/2023,30.0,01:43,1
1/5/2023,Food,3.49E+11,1/5/2023,30.0,18:35,0
1/5/2023,Food,3.49E+11,1/5/2023,80.0,01:41,0
2/5/2023,Food,3.49E+11,2/5/2023,260.35,14:58,1
2/5/2023,Food,3.49E+11,2/5/2023,50.0,17:23,0
2/5/2023,Food,3.12E+11,2/5/2023,10.0,07:40,1
2/5/2023,Misc,3.49E+11,2/5/2023,150.0,21:52,0
2/5/2023,Misc,3.49E+11,2/5/2023,75.0,11:23,0
2/5/2023,Food,3.49E+11,2/5/2023,45.0,14:58,1
2/5/2023,Food,3.49E+11,2/5/2023,30.0,16:08,0
2/5/2023,Misc,3.49E+11,3/5/2023,1391.16,20:41,0
3/5/2023,Food,3.49E+11,3/5/2023,69.0,01:45,0
3/5/2023,Food,3.49E+11,3/5/2023,40.0,17:47,1
3/5/2023,Food,3.49E+11,3/5/2023,85.0,12:15,0
3/5/2023,Misc,3.49E+11,3/5/2023,180.0,22:36,1
3/5/2023,Food,3.49E+11,3/5/2023,20.0,14:01,1
4/5/2023,Food,3.49E+11,4/5/2023,26.0,22:30,1
4/5/2023,Food,3.12E+11,4/5/2023,10.0,00:37,1
4/5/2023,Food,3.49E+11,4/5/2023,30.0,02:42,1
4/5/2023,Food,3.12E+11,4/5/2023,10.0,19:00,0
4/5/2023,Food,3.12E+11,4/5/2023,396.9,23:19,0
4/5/2023,Food,3.49E+11,4/5/2023,20.0,14:06,0
4/5/2023,Food,3.12E+11,4/5/2023,64.0,18:29,0
5/5/2023,Misc,3.49E+11,5/5/2023,95.0,11:03,0
5/5/2023,Misc,3.49E+11,5/5/2023,175.0,20:31,1
5/5/2023,Food,3.49E+11,5/5/2023,40.0,09:29,0
5/5/2023,Food,3.13E+11,5/5/2023,76.0,14:16,0
5/5/2023,Food,3.13E+11,5/5/2023,100.0,00:03,1
5/5/2023,Misc,3.49E+11,5/5/2023,933.0,12:26,0
5/5/2023,Food,3.49E+11,5/5/2023,40.0,22:06,1
6/5/2023,Food,3.13E+11,6/5/2023,77.0,09:41,1
6/5/2023,Food,3.13E+11,6/5/2023,44.0,18:37,0
6/5/2023,Misc,3.13E+11,6/5/2023,150.0,04:11,0
6/5/2023,Food,3.13E+11,6/5/2023,40.0,07:17,0
6/5/2023,Misc,3.49E+11,6/5/2023,240.0,03:55,1
6/5/2023,Food,3.49E+11,6/5/2023,30.0,16:43,1
6/5/2023,Misc,3.49E+11,6/5/2023,113.0,12:03,1
7/5/2023,Food,3.49E+11,7/5/2023,48.0,05:20,0
7/5/2023,Misc,3.13E+11,7/5/2023,1132.0,20:27,1
7/5/2023,Misc,3.49E+11,7/5/2023,136.0,13:55,1
7/5/2023,Misc,3.49E+11,7/5/2023,636.0,16:28,0
7/5/2023,Food,3.49E+11,7/5/2023,80.0,13:14,0
7/5/2023,Food,3.49E+11,7/5/2023,10.0,18:14,1
7/5/2023,Misc,3.49E+11,7/5/2023,936.0,19:16,0
7/5/2023,Food,3.49E+11,7/5/2023,52.0,17:35,1
7/5/2023,Food,3.49E+11,7/5/2023,20.0,07:53,1
7/5/2023,Misc,3.49E+11,7/5/2023,681.0,17:38,1
8/5/2023,Food,3.49E+11,8/5/2023,65.0,14:43,0
8/5/2023,Food,3.49E+11,8/5/2023,40.0,03:27,0
8/5/2023,Food,3.49E+11,8/5/2023,75.0,10:38,1
9/5/2023,Food,3.13E+11,9/5/2023,40.0,20:23,1
9/5/2023,Food,3.13E+11,9/5/2023,90.0,10:20,1
9/5/2023,Food,3.13E+11,9/5/2023,10.0,01:59,1
9/5/2023,Food,3.50E+11,9/5/2023,247.75,23:23,0
9/5/2023,Food,3.50E+11,9/5/2023,100.0,20:34,0
9/5/2023,Misc,3.13E+11,9/5/2023,10.0,16:32,0
9/5/2023,Food,3.13E+11,9/5/2023,35.0,10:01,0
9/5/2023,Misc,3.50E+11,9/5/2023,398.0,18:22,0
9/5/2023,Misc,3.13E+11,9/5/2023,155.0,23:21,1
9/5/2023,Food,3.50E+11,9/5/2023,60.0,20:57,0
10/5/2023,Food,3.50E+11,10/5/2023,10.0,16:04,1
10/5/2023,Misc,3.13E+11,10/5/2023,70.0,02:45,1
10/5/2023,Misc,3.13E+11,10/5/2023,139.0,06:40,1
10/5/2023,Misc,3.50E+11,10/5/2023,500.0,09:39,1
10/5/2023,Misc,3.13E+11,10/5/2023,500.0,02:24,1
10/5/2023,Food,3.50E+11,10/5/2023,40.0,20:22,1
10/5/2023,Misc,3.50E+11,10/5/2023,284.0,12:17,1
11/5/2023,Food,3.50E+11,11/5/2023,85.0,09:52,1
11/5/2023,Food,3.50E+11,11/5/2023,50.0,21:26,0
11/5/2023,Food,3.50E+11,11/5/2023,75.0,04:08,0
11/5/2023,Misc,3.50E+11,11/5/2023,326.0,04:05,1
11/5/2023,Food,3.50E+11,11/5/2023,36.0,09:33,1
12/5/2023,Misc,3.50E+11,12/5/2023,95.0,10:22,1
12/5/2023,Misc,3.50E+11,12/5/2023,380.0,12:58,1
12/5/2023,Misc,3.50E+11,12/5/2023,190.0,08:18,0
12/5/2023,Food,3.50E+11,12/5/2023,50.0,01:10,0
12/5/2023,Food,3.50E+11,12/5/2023,41.0,05:29,0
12/5/2023,Misc,3.13E+11,12/5/2023,1041.0,07:11,1
12/5/2023,Food,3.13E+11,12/5/2023,41.0,00:30,1
12/5/2023,Food,3.50E+11,12/5/2023,20.0,01:07,1
12/5/2023,Food,3.50E+11,12/5/2023,30.0,03:58,0
12/5/2023,Misc,3.50E+11,12/5/2023,385.0,18:30,0
12/5/2023,Misc,3.50E+11,12/5/2023,105.0,18:42,0
13/05/23,Misc,3.13E+11,13/05/23,130.0,20:21,1
13/05/23,Misc,3.50E+11,13/05/23,125.0,08:07,0
13/05/23,Food,3.50E+11,13/05/23,40.0,18:25,1
13/05/23,Misc,3.50E+11,13/05/23,120.0,07:44,1
14/05/23,Misc,3.50E+11,14/05/23,121.0,10:54,1
14/05/23,Food,3.13E+11,14/05/23,40.0,18:54,0
14/05/23,Food,3.50E+11,14/05/23,60.0,03:19,1
14/05/23,Misc,3.13E+11,14/05/23,154.5,12:25,1
14/05/23,Food,3.13E+11,14/05/23,45.0,19:45,0
14/05/23,Food,3.50E+11,14/05/23,75.0,13:57,1
14/05/23,Misc,3.13E+11,14/05/23,60.0,22:42,1
14/05/23,Misc,3.13E+11,14/05/23,120.0,00:03,1
15/05/23,Misc,3.14E+11,15/05/23,500.0,10:52,1
15/05/23,Food,3.50E+11,15/05/23,65.0,03:20,0
15/05/23,Food,3.50E+11,15/05/23,50.0,06:49,1
15/05/23,Food,3.50E+11,15/05/23,65.0,03:19,1
16/05/23,Food,3.14E+11,16/05/23,54.0,06:57,1
16/05/23,Misc,3.50E+11,16/05/23,140.0,19:37,0
16/05/23,Food,3.50E+11,16/05/23,60.0,02:33,0
16/05/23,Food,3.50E+11,16/05/23,30.0,18:44,1
16/05/23,Food,3.14E+11,16/05/23,20.0,18:25,1
16/05/23,Misc,3.50E+11,16/05/23,101.0,06:07,1
17/05/23,Food,3.50E+11,17/05/23,75.0,20:37,0
17/05/23,Food,3.14E+11,17/05/23,60.0,11:20,0
17/05/23,Food,3.50E+11,17/05/23,54.0,22:58,1
17/05/23,Misc,3.50E+11,17/05/23,150.0,00:34,1
17/05/23,Food,3.50E+11,17/05/23,40.0,04:16,0
18/05/23,Misc,3.50E+11,18/05/23,170.0,13:45,1
18/05/23,Food,3.50E+11,18/05/23,80.0,09:40,0
18/05/23,Misc,3.50E+11,18/05/23,1000.0,02:39,0
18/05/23,Food,3.50E+11,18/05/23,55.0,01:33,0
18/05/23,Food,3.50E+11,18/05/23,44.0,12:33,1
19/05/23,Food,3.14E+11,19/05/23,50.0,15:01,0
19/05/23,Misc,3.51E+11,19/05/23,140.0,22:09,0
19/05/23,Food,3.14E+11,19/05/23,30.0,01:23,1
19/05/23,Food,3.51E+11,19/05/23,76.0,23:04,1
20/05/23,Misc,3.51E+11,20/05/23,500.0,12:24,0
20/05/23,Food,3.51E+11,20/05/23,33.0,05:06,0
20/05/23,Food,3.14E+11,20/05/23,58.0,06:33,0
20/05/23,Food,3.14E+11,20/05/23,95.0,01:50,0
21/05/23,Misc,3.51E+11,21/05/23,110.0,10:24,0
22/05/23,Food,3.51E+11,22/05/23,10.0,06:52,0
23/05/23,Food,3.51E+11,23/05/23,72.0,06:59,1
23/05/23,Misc,3.14E+11,23/05/23,300.0,06:55,0
23/05/23,Food,3.14E+11,23/05/23,90.0,06:57,0
23/05/23,Food,3.51E+11,23/05/23,30.0,11:10,1
24/05/23,Food,3.51E+11,24/05/23,30.0,18:29,1
25/05/23,Salary,CHASU23143454301,25/05/23,34800.0,21:47,0
25/05/23,Misc,3.15E+11,25/05/23,1000.0,18:56,0
25/05/23,Misc,3.15E+11,25/05/23,10000.0,18:28,1
25/05/23,Misc,3.51E+11,25/05/23,270.0,19:24,1
25/05/23,Food,3.51E+11,25/05/23,40.0,02:03,0
25/05/23,Food,3.51E+11,25/05/23,72.0,12:18,1
25/05/23,Food,3.51E+11,25/05/23,20.0,09:21,1
25/05/23,Food,3.51E+11,25/05/23,363.9,19:06,0
25/05/23,Misc,3.51E+11,25/05/23,10000.0,08:20,1
25/05/23,Food,3.51E+11,25/05/23,40.0,05:21,0
26/05/23,Misc,3.15E+11,26/05/23,10.0,20:55,0
26/05/23,Misc,3.15E+11,26/05/23,239.0,21:27,0
26/05/23,Food,3.51E+11,26/05/23,65.0,11:26,0
26/05/23,Food,3.15E+11,26/05/23,50.0,01:25,1
26/05/23,Misc,3.51E+11,26/05/23,2185.0,11:00,0
26/05/23,Misc,3.51E+11,26/05/23,200.0,15:46,0
26/05/23,Misc,3.51E+11,26/05/23,115.0,12:03,1
26/05/23,Misc,3.51E+11,26/05/23,204.0,15:53,1
27/05/23,Food,3.15E+11,27/05/23,10.0,12:37,0
27/05/23,Food,3.15E+11,27/05/23,10.0,21:07,0
27/05/23,Misc,3.51E+11,27/05/23,307.0,18:56,1
27/05/23,Misc,3.51E+11,27/05/23,675.0,13:16,0
27/05/23,Misc,3.51E+11,27/05/23,1500.0,12:11,1
27/05/23,Misc,3.51E+11,27/05/23,180.0,09:11,1
27/05/23,Food,3.51E+11,27/05/23,20.0,21:44,1
27/05/23,Misc,3.15E+11,27/05/23,675.0,06:02,1
28/05/23,Shopping,3.51E+11,28/05/23,197.0,04:54,1
28/05/23,Food,3.51E+11,28/05/23,80.0,16:05,1
28/05/23,Food,3.51E+11,28/05/23,100.0,08:17,1
28/05/23,Food,3.51E+11,28/05/23,55.0,05:58,1
28/05/23,Misc,3.15E+11,28/05/23,364.0,15:14,0
28/05/23,Shopping,3.15E+11,28/05/23,186.0,05:05,0
28/05/23,Food,3.51E+11,28/05/23,30.0,05:14,1
1/6/2023,Shopping,3.15E+11,1/6/2023,186.0,17:17,0
2/6/2023,Food,3.52E+11,2/6/2023,30.0,00:41,0
2/6/2023,Misc,3.52E+11,2/6/2023,160.0,16:46,0
2/6/2023,Food,3.52E+11,2/6/2023,90.0,16:44,1
3/6/2023,Shopping,3.15E+11,3/6/2023,454.0,00:30,0
3/6/2023,Food,3.15E+11,3/6/2023,30.0,10:34,1
3/6/2023,Misc,3.52E+11,3/6/2023,170.01,12:03,0
3/6/2023,Misc,3.52E+11,3/6/2023,105.0,00:00,1
3/6/2023,Food,3.15E+11,3/6/2023,35.0,07:29,1
3/6/2023,Food,3.15E+11,3/6/2023,20.0,22:44,1
3/6/2023,Misc,3.15E+11,3/6/2023,130.0,19:44,0
3/6/2023,Food,3.52E+11,3/6/2023,36.0,05:44,1
3/6/2023,Misc,3.52E+11,3/6/2023,390.0,04:51,0
3/6/2023,Food,3.52E+11,3/6/2023,50.0,19:00,0
4/6/2023,Food,3.52E+11,4/6/2023,35.0,04:17,1
4/6/2023,Misc,3.52E+11,4/6/2023,963.0,05:29,1
4/6/2023,Misc,3.52E+11,4/6/2023,190.0,12:27,1
4/6/2023,Food,3.16E+11,4/6/2023,65.0,17:34,0
4/6/2023,Food,3.52E+11,4/6/2023,384.9,19:50,0
4/6/2023,Food,3.52E+11,4/6/2023,20.0,12:51,0
5/6/2023,Food,3.16E+11,5/6/2023,34.0,06:36,1
5/6/2023,Food,3.52E+11,5/6/2023,65.0,07:59,1
5/6/2023,Food,3.16E+11,5/6/2023,40.0,20:21,1
5/6/2023,Misc,3.52E+11,5/6/2023,628.0,16:30,0
5/6/2023,Misc,3.52E+11,5/6/2023,8.0,00:56,1
6/6/2023,Food,3.52E+11,6/6/2023,30.0,23:37,0
6/6/2023,Food,3.52E+11,6/6/2023,251.25,15:17,1
6/6/2023,Food,3.52E+11,6/6/2023,20.0,10:38,0
6/6/2023,Food,3.52E+11,6/6/2023,50.0,03:15,1
6/6/2023,Food,3.52E+11,6/6/2023,14.25,03:01,1
6/6/2023,Misc,3.16E+11,6/6/2023,150.0,16:15,0
6/6/2023,Misc,3.52E+11,6/6/2023,515.0,16:41,1
6/6/2023,Food,3.52E+11,7/6/2023,50.0,09:22,1
7/6/2023,Food,3.52E+11,7/6/2023,80.0,20:45,0
7/6/2023,Food,3.52E+11,7/6/2023,40.0,20:17,0
7/6/2023,Food,3.16E+11,7/6/2023,40.0,05:44,0
7/6/2023,Food,3.16E+11,7/6/2023,40.0,16:53,0
7/6/2023,Misc,3.52E+11,7/6/2023,1600.0,17:22,1
7/6/2023,Misc,3.52E+11,7/6/2023,130.0,21:13,1
8/6/2023,Food,3.16E+11,8/6/2023,34.0,09:50,1
8/6/2023,Misc,3.53E+11,8/6/2023,125.0,12:47,1
8/6/2023,Misc,3.53E+11,8/6/2023,65.0,15:02,0
8/6/2023,Food,3.16E+11,8/6/2023,10.0,06:11,0
8/6/2023,Food,3.53E+11,8/6/2023,50.0,14:09,1
8/6/2023,Food,3.16E+11,8/6/2023,50.0,01:50,0
8/6/2023,Food,3.53E+11,8/6/2023,70.0,04:40,1
8/6/2023,Food,3.53E+11,8/6/2023,40.0,16:54,1
9/6/2023,Misc,3.16E+11,9/6/2023,72.0,04:51,1
9/6/2023,Misc,3.53E+11,9/6/2023,137.0,07:47,1
9/6/2023,Misc,3.53E+11,9/6/2023,171.0,23:04,1
9/6/2023,Food,3.53E+11,9/6/2023,50.0,14:10,1
9/6/2023,Food,3.16E+11,9/6/2023,60.0,07:49,1
9/6/2023,Misc,3.53E+11,9/6/2023,8000.0,22:06,0
9/6/2023,Misc,3.53E+11,9/6/2023,8000.0,02:54,1
9/6/2023,Misc,3.53E+11,9/6/2023,125.0,22:44,1
10/6/2023,Food,3.53E+11,10/6/2023,40.0,16:08,0
10/6/2023,Food,3.53E+11,10/6/2023,70.0,15:08,0
10/6/2023,Misc,3.16E+11,10/6/2023,150.0,15:08,0
10/6/2023,Misc,3.53E+11,10/6/2023,344.0,18:44,0
10/6/2023,Food,3.53E+11,10/6/2023,30.0,11:37,1
11/6/2023,Misc,3.53E+11,11/6/2023,450.0,23:18,0
11/6/2023,Misc,3.53E+11,11/6/2023,350.0,14:02,0
11/6/2023,Misc,3.53E+11,11/6/2023,140.0,07:05,0
12/6/2023,Food,3.53E+11,12/6/2023,44.0,02:29,1
12/6/2023,Food,3.53E+11,12/6/2023,40.0,22:57,1
12/6/2023,Misc,3.16E+11,12/6/2023,3000.0,17:37,1
12/6/2023,Misc,3.16E+11,12/6/2023,3000.0,03:36,0
12/6/2023,Food,3.16E+11,12/6/2023,34.0,07:42,1
12/6/2023,Food,3.53E+11,12/6/2023,50.0,13:29,1
12/6/2023,Food,3.53E+11,12/6/2023,25.0,16:27,0
12/6/2023,Food,3.53E+11,12/6/2023,56.0,05:17,0
13/06/23,Food,3.53E+11,13/06/23,55.0,04:58,0
13/06/23,Food,3.53E+11,13/06/23,30.0,21:11,0
13/06/23,Food,3.53E+11,13/06/23,50.0,13:49,0
13/06/23,Food,3.53E+11,13/06/23,100.0,05:08,0
13/06/23,Food,3.16E+11,13/06/23,20.0,19:24,0
13/06/23,Food,3.16E+11,13/06/23,30.0,11:03,0
13/06/23,Misc,3.53E+11,13/06/23,1000.0,08:48,1
13/06/23,Food,3.53E+11,13/06/23,28.0,00:11,1
14/06/23,Food,3.17E+11,14/06/23,40.0,17:57,0
14/06/23,Misc,3.53E+11,14/06/23,1100.0,05:50,0
14/06/23,Misc,3.17E+11,14/06/23,125.0,04:15,1
14/06/23,Food,3.17E+11,14/06/23,100.0,01:57,0
14/06/23,Misc,3.53E+11,14/06/23,385.0,05:03,0
14/06/23,Misc,3.17E+11,14/06/23,750.0,16:54,0
15/06/23,Food,3.17E+11,15/06/23,10.0,06:36,0
15/06/23,Misc,3.17E+11,15/06/23,138.0,08:39,1
15/06/23,Food,3.17E+11,15/06/23,10.0,22:21,0
16/06/23,Food,3.17E+11,16/06/23,100.0,19:29,1
16/06/23,Food,3.17E+11,16/06/23,60.0,04:53,0
16/06/23,Food,3.53E+11,16/06/23,100.0,20:03,1
17/06/23,Food,3.53E+11,17/06/23,60.0,10:56,1
17/06/23,Food,3.53E+11,17/06/23,10.0,10:11,0
18/06/23,Food,3.17E+11,18/06/23,20.0,03:55,1
18/06/23,Food,3.17E+11,18/06/23,10.0,22:15,1
18/06/23,Food,3.54E+11,18/06/23,20.0,05:45,1
18/06/23,Food,3.54E+11,18/06/23,40.0,09:26,1
18/06/23,Food,3.54E+11,18/06/23,50.0,08:15,1
19/06/23,Food,3.54E+11,19/06/23,20.0,17:33,0
19/06/23,Misc,3.17E+11,19/06/23,400.0,19:11,0
19/06/23,Misc,3.54E+11,19/06/23,327.0,08:55,1
20/06/23,Food,3.54E+11,20/06/23,25.0,10:05,1
21/06/23,Food,3.54E+11,21/06/23,20.0,01:30,1
21/06/23,Food,3.54E+11,21/06/23,55.0,14:58,0
21/06/23,Food,3.54E+11,21/06/23,40.0,05:04,0
21/06/23,Food,3.54E+11,21/06/23,10.0,16:59,0
21/06/23,Food,3.54E+11,21/06/23,20.0,03:32,1
21/06/23,Misc,3.17E+11,21/06/23,8.26,07:37,1
23/06/23,Salary,CHASU23172917734,23/06/23,34800.0,01:43,0
23/06/23,Misc,3.17E+11,23/06/23,2000.0,23:45,0
23/06/23,Misc,3.54E+11,23/06/23,3000.0,08:29,1
24/06/23,Misc,3.18E+11,24/06/23,10000.0,00:58,0
24/06/23,Misc,3.18E+11,24/06/23,1000.0,23:27,0
24/06/23,Food,3.18E+11,24/06/23,100.0,05:39,0
24/06/23,Misc,3.18E+11,24/06/23,409.0,15:27,1
24/06/23,Misc,3.18E+11,24/06/23,200.0,06:29,0
24/06/23,Misc,3.18E+11,24/06/23,424.0,23:08,0
25/06/23,Misc,3.54E+11,25/06/23,600.0,15:11,1
25/06/23,Food,3.54E+11,25/06/23,100.0,05:33,0
26/06/23,Misc,3.54E+11,26/06/23,5000.0,09:14,1
26/06/23,Misc,3.18E+11,26/06/23,528.44,17:38,1
26/06/23,Misc,3.18E+11,26/06/23,1.0,16:11,1
27/06/23,Food,3.54E+11,27/06/23,100.0,16:10,1
27/06/23,Misc,3.18E+11,27/06/23,2100.0,11:54,0
27/06/23,Misc,3.54E+11,27/06/23,119.0,14:25,0
28/06/23,Misc,3.18E+11,28/06/23,500.0,05:32,0
28/06/23,Misc,3.55E+11,28/06/23,7630.0,22:50,1
30/06/23,Misc,3.55E+11,30/06/23,467.0,19:40,0
1/7/2023,Misc,0,30/06/23,34.0,15:06,1
1/7/2023,Food,3.55E+11,1/7/2023,20.0,22:30,0
1/7/2023,Food,3.18E+11,1/7/2023,20.0,13:22,1
1/7/2023,Food,3.18E+11,1/7/2023,20.0,11:59,1
2/7/2023,Misc,3.18E+11,1/7/2023,10.0,11:11,1
4/7/2023,Misc,3.55E+11,4/7/2023,125.0,01:35,0
5/7/2023,Food,3.55E+11,5/7/2023,40.0,07:20,1
5/7/2023,Food,3.19E+11,5/7/2023,50.0,23:04,1
8/7/2023,Misc,3.07E+11,8/7/2023,1.13,16:04,0
8/7/2023,Food,3.56E+11,8/7/2023,50.0,07:49,1
8/7/2023,Misc,3.56E+11,8/7/2023,7800.0,15:52,1
8/7/2023,Misc,3.56E+11,9/7/2023,7800.0,22:29,0
9/7/2023,Shopping,3.19E+11,9/7/2023,184.0,00:27,1
10/7/2023,Misc,3.56E+11,10/7/2023,2500.0,04:47,0
10/7/2023,Food,3.19E+11,10/7/2023,100.0,18:19,1
10/7/2023,Misc,3.19E+11,10/7/2023,1100.0,23:40,0
10/7/2023,Food,3.56E+11,10/7/2023,30.0,21:26,1
11/7/2023,Food,3.19E+11,11/7/2023,20.0,02:26,0
11/7/2023,Misc,3.19E+11,11/7/2023,170.0,08:09,1
11/7/2023,Misc,3.19E+11,11/7/2023,140.0,10:50,1
11/7/2023,Food,3.19E+11,11/7/2023,20.0,05:31,1
11/7/2023,Food,3.19E+11,11/7/2023,20.0,06:30,0
12/7/2023,Misc,3.07E+11,12/7/2023,125.96,06:17,1
12/7/2023,Misc,3.56E+11,12/7/2023,125.0,04:07,0
12/7/2023,Food,3.19E+11,12/7/2023,24.0,01:56,0
12/7/2023,Food,3.19E+11,12/7/2023,10.0,21:51,0
12/7/2023,Food,3.19E+11,12/7/2023,30.0,04:35,1
13/07/23,Food,3.19E+11,13/07/23,60.0,05:09,1
13/07/23,Food,3.56E+11,13/07/23,198.32,05:28,1
13/07/23,Food,3.19E+11,13/07/23,50.0,06:47,0
13/07/23,Food,3.19E+11,13/07/23,50.0,03:48,1
13/07/23,Food,3.19E+11,13/07/23,20.0,17:55,0
13/07/23,Food,3.19E+11,13/07/23,10.0,15:07,0
14/07/23,Misc,3.20E+11,14/07/23,5.0,20:53,1
14/07/23,Misc,3.20E+11,14/07/23,270.0,18:03,0
14/07/23,Food,3.20E+11,14/07/23,70.0,09:59,0
14/07/23,Food,3.20E+11,14/07/23,10.0,23:07,0
14/07/23,Food,3.20E+11,14/07/23,40.0,04:08,1
14/07/23,Food,3.20E+11,14/07/23,71.0,17:37,0
15/07/23,Food,3.20E+11,15/07/23,40.0,02:05,1
15/07/23,Food,3.20E+11,15/07/23,40.0,19:33,0
15/07/23,Misc,3.20E+11,15/07/23,345.0,03:55,0
16/07/23,Food,3.20E+11,16/07/23,20.0,13:28,1
16/07/23,Food,3.20E+11,16/07/23,40.0,11:46,0
16/07/23,Food,3.20E+11,16/07/23,20.0,13:38,0
17/07/23,Food,3.20E+11,17/07/23,30.0,04:49,1
19/07/23,Misc,3.57E+11,19/07/23,1000.0,17:08,1
20/07/23,Food,3.20E+11,20/07/23,100.0,06:58,0
20/07/23,Food,3.20E+11,20/07/23,30.0,15:01,0
20/07/23,Food,3.20E+11,20/07/23,70.0,02:02,0
20/07/23,Food,3.20E+11,20/07/23,50.0,21:16,0
20/07/23,Food,3.20E+11,20/07/23,40.0,20:02,0
20/07/23,Misc,3.20E+11,20/07/23,207.0,10:11,0
21/07/23,Food,3.20E+11,21/07/23,92.0,17:31,1
21/07/23,Misc,3.20E+11,21/07/23,250.0,05:10,0
21/07/23,Misc,3.20E+11,21/07/23,1000.0,20:20,1
21/07/23,Food,3.20E+11,21/07/23,58.0,21:36,1
21/07/23,Misc,3.20E+11,21/07/23,220.0,23:14,0
21/07/23,Food,3.20E+11,21/07/23,50.0,04:56,1
22/07/23,Food,3.20E+11,22/07/23,100.0,04:52,0
22/07/23,Food,3.20E+11,22/07/23,41.0,15:07,1
22/07/23,Food,3.20E+11,22/07/23,41.0,02:29,0
22/07/23,Food,3.20E+11,22/07/23,50.0,11:05,0
22/07/23,Food,3.20E+11,22/07/23,90.0,02:14,1
22/07/23,Food,3.20E+11,22/07/23,40.0,01:50,1
22/07/23,Food,3.20E+11,22/07/23,10.0,14:46,0
22/07/23,Food,3.20E+11,22/07/23,30.0,19:15,1
23/07/23,Misc,3.57E+11,23/07/23,500.0,16:51,0
23/07/23,Food,3.20E+11,23/07/23,10.0,11:32,0
23/07/23,Misc,3.20E+11,23/07/23,160.0,01:23,1
23/07/23,Food,3.20E+11,23/07/23,30.0,01:57,1
23/07/23,Food,3.20E+11,23/07/23,30.0,13:27,0
23/07/23,Misc,3.20E+11,23/07/23,180.0,06:06,0
23/07/23,Food,3.20E+11,23/07/23,51.0,13:09,0
23/07/23,Food,3.20E+11,23/07/23,10.0,06:56,0
24/07/23,Food,3.21E+11,24/07/23,20.0,19:01,0
24/07/23,Food,3.21E+11,24/07/23,20.0,16:11,0
24/07/23,Misc,3.21E+11,24/07/23,170.0,23:23,0
24/07/23,Food,3.21E+11,24/07/23,50.0,03:06,1
24/07/23,Food,3.21E+11,24/07/23,50.0,14:40,0
25/07/23,Salary,CHASV23202393703,25/07/23,34800.0,02:36,0
25/07/23,Shopping,3.21E+11,25/07/23,2553.0,05:12,0
25/07/23,Misc,3.21E+11,25/07/23,10000.0,07:35,0
25/07/23,Food,3.57E+11,25/07/23,50.0,15:05,1
25/07/23,Misc,3.21E+11,25/07/23,1001.0,14:58,0
25/07/23,Misc,3.21E+11,25/07/23,130.0,03:12,1
25/07/23,Food,3.21E+11,25/07/23,60.0,20:18,1
25/07/23,Misc,3.21E+11,25/07/23,7500.0,07:00,1
25/07/23,Food,3.21E+11,25/07/23,70.0,22:01,1
25/07/23,Misc,3.21E+11,25/07/23,350.0,07:20,1
25/07/23,Food,3.21E+11,25/07/23,30.0,19:13,1
25/07/23,Shopping,3.57E+11,26/07/23,259.0,06:26,1
26/07/23,Shopping,3.21E+11,26/07/23,259.0,19:48,1
26/07/23,Shopping,3.21E+11,26/07/23,249.0,23:43,1
26/07/23,Misc,3.21E+11,26/07/23,1000.0,17:21,0
26/07/23,Food,3.21E+11,26/07/23,40.0,11:14,0
26/07/23,Misc,3.21E+11,26/07/23,1500.0,03:13,1
26/07/23,Misc,3.21E+11,26/07/23,150.0,13:40,1
26/07/23,Food,3.21E+11,26/07/23,60.0,23:03,1
26/07/23,Misc,3.21E+11,26/07/23,480.0,04:41,0
26/07/23,Food,3.21E+11,26/07/23,40.0,21:17,0
26/07/23,Misc,3.21E+11,26/07/23,200.0,19:05,1
27/07/23,Misc,3.21E+11,27/07/23,108.0,22:26,1
27/07/23,Food,3.21E+11,27/07/23,100.0,06:27,0
27/07/23,Misc,3.21E+11,27/07/23,175.0,11:43,1
27/07/23,Misc,3.21E+11,27/07/23,150.0,14:45,0
27/07/23,Food,3.21E+11,27/07/23,20.0,18:41,0
27/07/23,Food,3.21E+11,27/07/23,30.0,12:13,1
27/07/23,Misc,3.21E+11,27/07/23,5.0,03:45,0
27/07/23,Shopping,3.57E+11,27/07/23,199.0,05:48,0
27/07/23,Food,3.21E+11,27/07/23,75.0,07:56,0
27/07/23,Food,3.21E+11,27/07/23,20.0,14:58,0
28/07/23,Food,3.58E+11,28/07/23,30.0,11:17,1
28/07/23,Food,3.21E+11,28/07/23,23.0,09:22,0
28/07/23,Food,3.21E+11,28/07/23,10.0,11:31,1
28/07/23,Food,3.21E+11,28/07/23,60.0,16:25,0
29/07/23,Food,3.21E+11,29/07/23,50.0,07:28,1
29/07/23,Food,3.21E+11,29/07/23,40.0,01:13,0
29/07/23,Misc,3.21E+11,29/07/23,160.0,18:07,0
29/07/23,Misc,3.21E+11,29/07/23,320.0,21:26,0
30/07/23,Food,3.21E+11,30/07/23,50.0,00:17,1
30/07/23,Misc,3.21E+11,30/07/23,170.0,21:04,1
30/07/23,Food,3.21E+11,30/07/23,20.0,09:43,0
30/07/23,Food,3.21E+11,30/07/23,30.0,08:47,1
30/07/23,Food,3.21E+11,30/07/23,20.0,18:30,0
31/07/23,Misc,3.21E+11,31/07/23,110.0,11:28,0
1/8/2023,Misc,MIR2421393691857,1/8/2023,236.0,21:57,0
1/8/2023,Food,3.21E+11,1/8/2023,15.0,19:08,0
1/8/2023,Food,3.21E+11,1/8/2023,30.0,17:58,1
2/8/2023,Misc,3.21E+11,2/8/2023,2000.0,23:27,0
2/8/2023,Rent,3.21E+11,2/8/2023,7459.0,15:06,1
2/8/2023,Misc,3.21E+11,2/8/2023,243.0,03:07,0
2/8/2023,Misc,3.21E+11,2/8/2023,999.0,10:53,0
2/8/2023,Food,3.21E+11,2/8/2023,10.0,21:55,1
2/8/2023,Food,3.21E+11,2/8/2023,90.0,21:56,1
2/8/2023,Food,3.21E+11,2/8/2023,24.0,14:26,1
2/8/2023,Misc,3.21E+11,2/8/2023,6.0,15:59,0
2/8/2023,Misc,3.21E+11,2/8/2023,140.0,01:11,0
2/8/2023,Food,3.21E+11,2/8/2023,30.0,12:37,0
3/8/2023,Food,3.58E+11,3/8/2023,55.0,11:29,1
3/8/2023,Food,3.22E+11,3/8/2023,40.0,07:49,0
3/8/2023,Food,3.22E+11,3/8/2023,40.0,11:20,1
3/8/2023,Food,3.22E+11,3/8/2023,40.0,13:29,0
4/8/2023,Food,3.22E+11,4/8/2023,20.0,02:55,1
5/8/2023,Misc,3.58E+11,5/8/2023,13000.0,01:56,0
5/8/2023,Misc,3.22E+11,5/8/2023,13000.0,16:55,0
11/8/2023,Misc,3.22E+11,11/8/2023,1000.0,01:28,1
11/8/2023,Food,3.22E+11,11/8/2023,85.0,16:23,0
11/8/2023,Food,3.22E+11,11/8/2023,30.0,01:57,0
11/8/2023,Food,3.22E+11,11/8/2023,50.0,01:09,1
11/8/2023,Misc,3.22E+11,11/8/2023,179.0,12:00,0
11/8/2023,Food,3.59E+11,11/8/2023,10.0,06:38,1
11/8/2023,Food,3.59E+11,11/8/2023,60.0,08:19,1
12/8/2023,Misc,3.22E+11,12/8/2023,393.0,08:07,0
12/8/2023,Food,3.22E+11,12/8/2023,30.0,13:50,0
12/8/2023,Food,3.22E+11,12/8/2023,66.0,10:38,1
13/08/23,Misc,3.23E+11,13/08/23,2000.0,19:03,1
13/08/23,Food,3.23E+11,13/08/23,80.0,18:30,0
13/08/23,Food,3.23E+11,13/08/23,50.0,00:37,0
13/08/23,Misc,3.23E+11,13/08/23,130.0,23:56,0
13/08/23,Misc,3.23E+11,13/08/23,189.0,04:41,1
13/08/23,Food,3.23E+11,13/08/23,30.0,22:05,1
13/08/23,Misc,3.23E+11,13/08/23,500.0,00:59,1
13/08/23,Food,3.23E+11,14/08/23,10.0,05:16,0
14/08/23,Food,3.23E+11,14/08/23,99.0,15:26,1
14/08/23,Food,3.23E+11,14/08/23,50.0,19:31,0
14/08/23,Food,3.23E+11,14/08/23,50.0,15:06,0
14/08/23,Misc,3.23E+11,14/08/23,358.0,19:25,0
14/08/23,Food,3.23E+11,14/08/23,30.0,12:11,0
15/08/23,Food,3.23E+11,15/08/23,20.0,13:17,1
15/08/23,Food,3.23E+11,15/08/23,40.0,10:31,0
15/08/23,Food,3.23E+11,15/08/23,30.0,20:31,1
15/08/23,Misc,3.23E+11,15/08/23,25.0,09:20,1
16/08/23,Food,3.23E+11,16/08/23,60.0,16:26,0
16/08/23,Food,3.23E+11,16/08/23,10.0,06:39,1
16/08/23,Food,3.23E+11,16/08/23,40.0,21:53,1
16/08/23,Food,3.23E+11,16/08/23,42.0,03:50,0
16/08/23,Misc,3.23E+11,16/08/23,230.0,16:10,1
16/08/23,Food,3.23E+11,16/08/23,40.0,00:38,0
17/08/23,Food,3.23E+11,17/08/23,50.0,01:04,0
17/08/23,Misc,3.23E+11,17/08/23,1500.0,18:59,0
17/08/23,Misc,3.23E+11,17/08/23,1000.0,00:39,1
17/08/23,Food,3.23E+11,17/08/23,50.0,11:15,0
17/08/23,Food,3.60E+11,17/08/23,161.55,18:13,1
18/08/23,Food,3.23E+11,18/08/23,60.0,18:35,1
18/08/23,Food,3.23E+11,18/08/23,40.0,22:38,1
18/08/23,Food,3.60E+11,18/08/23,67.2,15:59,1
18/08/23,Food,3.23E+11,18/08/23,20.0,15:11,0
18/08/23,Misc,3.23E+11,18/08/23,1000.0,07:39,0
18/08/23,Food,3.23E+11,18/08/23,86.0,12:11,1
18/08/23,Misc,3.60E+11,18/08/23,276.0,13:48,1
18/08/23,Food,3.23E+11,18/08/23,50.0,18:54,0
19/08/23,Misc,3.23E+11,19/08/23,390.0,14:36,1
19/08/23,Food,3.23E+11,19/08/23,40.0,14:18,0
19/08/23,Misc,3.23E+11,19/08/23,1000.0,20:11,0
19/08/23,Food,3.23E+11,19/08/23,50.0,07:51,1
19/08/23,Food,3.23E+11,19/08/23,40.0,23:34,1
20/08/23,Food,3.23E+11,20/08/23,20.0,12:58,0
20/08/23,Food,3.23E+11,20/08/23,30.0,11:16,0
20/08/23,Food,3.23E+11,20/08/23,60.0,21:28,1
20/08/23,Food,3.23E+11,20/08/23,60.0,12:09,0
20/08/23,Misc,3.23E+11,20/08/23,5.0,15:37,1
20/08/23,Food,3.60E+11,20/08/23,174.95,23:08,0
20/08/23,Food,3.23E+11,20/08/23,40.0,11:17,0
20/08/23,Misc,3.23E+11,20/08/23,400.0,13:48,1
20/08/23,Food,3.23E+11,21/08/23,20.0,14:44,0
21/08/23,Misc,3.23E+11,21/08/23,160.0,18:28,1
21/08/23,Food,3.23E+11,21/08/23,50.0,04:25,0
21/08/23,Food,3.23E+11,21/08/23,22.0,01:30,1
21/08/23,Food,3.60E+11,21/08/23,75.0,17:59,1
21/08/23,Food,3.23E+11,21/08/23,40.0,17:37,1
22/08/23,Misc,3.23E+11,22/08/23,1000.0,23:59,1
22/08/23,Food,3.60E+11,22/08/23,70.0,16:59,0
22/08/23,Misc,3.23E+11,22/08/23,70.0,09:30,0
22/08/23,Food,3.60E+11,22/08/23,55.0,16:57,0
22/08/23,Food,3.23E+11,22/08/23,50.0,02:59,0
22/08/23,Food,3.23E+11,22/08/23,10.0,15:58,0
22/08/23,Food,3.23E+11,22/08/23,38.0,17:18,0
22/08/23,Food,3.23E+11,22/08/23,20.0,20:12,0
23/08/23,Food,3.60E+11,23/08/23,28.0,06:01,0
23/08/23,Food,3.24E+11,23/08/23,23.0,00:27,0
23/08/23,Food,3.24E+11,23/08/23,30.0,06:10,0
23/08/23,Food,3.24E+11,23/08/23,50.0,12:03,0
23/08/23,Food,3.24E+11,23/08/23,30.0,22:16,0
23/08/23,Misc,3.24E+11,23/08/23,200.0,15:27,0
24/08/23,Food,3.24E+11,24/08/23,201.0,10:06,0
24/08/23,Food,3.24E+11,24/08/23,100.0,02:00,0
24/08/23,Food,3.24E+11,24/08/23,50.0,08:07,1
24/08/23,Food,3.24E+11,24/08/23,59.0,06:25,0
24/08/23,Food,3.24E+11,24/08/23,50.0,22:03,0
25/08/23,Salary,CHASV23235906561,25/08/23,34800.0,21:59,1
25/08/23,Misc,3.60E+11,25/08/23,5000.0,02:56,0
25/08/23,Misc,3.60E+11,25/08/23,8000.0,21:52,0
25/08/23,Misc,3.60E+11,25/08/23,1000.0,00:36,0
25/08/23,Misc,3.60E+11,25/08/23,1000.0,10:44,1
25/08/23,Food,3.24E+11,25/08/23,34.0,12:21,0
25/08/23,Misc,3.24E+11,25/08/23,1000.0,03:49,0
25/08/23,Misc,3.24E+11,25/08/23,380.0,09:54,0
25/08/23,Misc,3.60E+11,25/08/23,140.0,07:08,1
25/08/23,Food,3.24E+11,25/08/23,100.0,16:47,1
25/08/23,Misc,3.24E+11,25/08/23,1720.0,10:38,0
25/08/23,Misc,3.24E+11,25/08/23,200.0,04:42,0
25/08/23,Misc,3.24E+11,25/08/23,188.0,17:33,0
25/08/23,Food,3.24E+11,25/08/23,40.0,03:36,1
25/08/23,Food,3.24E+11,25/08/23,70.0,05:04,0
25/08/23,Misc,3.60E+11,25/08/23,15.0,23:27,1
25/08/23,Food,3.24E+11,25/08/23,50.0,06:13,1
26/08/23,Misc,3.24E+11,26/08/23,120.0,11:13,0
26/08/23,Food,3.24E+11,26/08/23,30.0,02:41,0
26/08/23,Misc,3.24E+11,26/08/23,430.0,07:08,1
26/08/23,Misc,3.60E+11,26/08/23,70.0,19:06,0
26/08/23,Misc,3.24E+11,26/08/23,112.0,20:30,0
26/08/23,Misc,3.60E+11,26/08/23,10.0,09:12,0
26/08/23,Misc,3.24E+11,26/08/23,118.0,23:34,0
26/08/23,Food,3.24E+11,26/08/23,10.0,00:03,0
26/08/23,Misc,3.24E+11,26/08/23,1000.0,16:40,1
26/08/23,Food,3.60E+11,26/08/23,188.2,17:16,1
26/08/23,Food,3.60E+11,26/08/23,40.0,08:05,1
27/08/23,Misc,3.24E+11,27/08/23,199.0,19:40,1
27/08/23,Food,3.24E+11,27/08/23,30.0,21:55,0
27/08/23,Food,3.24E+11,27/08/23,58.0,15:29,1
27/08/23,Misc,3.61E+11,27/08/23,12.0,16:53,0
27/08/23,Food,3.24E+11,27/08/23,100.0,17:22,0
27/08/23,Food,3.24E+11,27/08/23,50.0,10:37,1
28/08/23,Food,3.24E+11,28/08/23,203.66,17:23,1
28/08/23,Misc,3.61E+11,28/08/23,105.0,03:59,1
28/08/23,Food,3.24E+11,29/08/23,40.0,07:58,1
29/08/23,Misc,3.24E+11,29/08/23,5.0,09:36,1
29/08/23,Food,3.61E+11,29/08/23,23.0,03:43,0
29/08/23,Food,3.24E+11,29/08/23,30.0,07:59,1
29/08/23,Food,3.24E+11,29/08/23,43.0,16:34,0
29/08/23,Food,3.24E+11,29/08/23,10.0,02:06,0
29/08/23,Food,3.61E+11,29/08/23,185.2,04:06,0
30/08/23,Misc,3.61E+11,30/08/23,110.0,04:24,1
30/08/23,Misc,3.24E+11,30/08/23,55.0,06:12,0
30/08/23,Food,3.24E+11,30/08/23,40.0,00:17,0
30/08/23,Food,3.61E+11,30/08/23,100.0,17:31,1
30/08/23,Food,3.24E+11,30/08/23,40.0,23:48,0
31/08/23,Food,3.24E+11,31/08/23,30.0,22:37,1
31/08/23,Food,3.61E+11,31/08/23,100.0,21:00,0
31/08/23,Food,3.24E+11,31/08/23,30.0,05:10,1
31/08/23,Misc,3.24E+11,31/08/23,20000.0,23:49,1
31/08/23,Misc,3.24E+11,31/08/23,20000.0,19:44,1
31/08/23,Misc,3.24E+11,31/08/23,440.0,14:04,0
1/9/2023,Rent,3.24E+11,1/9/2023,7310.0,22:31,0
1/9/2023,Misc,3.24E+11,1/9/2023,110.0,08:10,1
1/9/2023,Food,3.24E+11,1/9/2023,20.0,02:29,1
1/9/2023,Food,3.24E+11,1/9/2023,30.0,17:33,0
1/9/2023,Misc,3.24E+11,1/9/2023,447.0,15:41,1
1/9/2023,Food,3.24E+11,1/9/2023,52.0,16:48,1
1/9/2023,Food,3.24E+11,1/9/2023,20.0,08:13,0
2/9/2023,Food,3.61E+11,2/9/2023,188.2,23:19,0
2/9/2023,Food,3.25E+11,2/9/2023,50.0,12:41,0
2/9/2023,Food,3.61E+11,2/9/2023,136.76,07:12,0
2/9/2023,Food,3.25E+11,2/9/2023,136.76,12:44,0
3/9/2023,Food,3.25E+11,3/9/2023,30.0,00:51,1
3/9/2023,Food,3.25E+11,3/9/2023,36.0,20:43,1
3/9/2023,Food,3.25E+11,3/9/2023,60.0,11:16,1
3/9/2023,Food,3.25E+11,3/9/2023,20.0,11:56,1
4/9/2023,Food,3.25E+11,4/9/2023,30.0,08:50,1
4/9/2023,Food,3.25E+11,4/9/2023,55.0,00:37,1
4/9/2023,Misc,3.25E+11,4/9/2023,250.0,20:14,1
4/9/2023,Food,3.25E+11,4/9/2023,30.0,13:36,1
5/9/2023,Food,3.25E+11,5/9/2023,80.0,13:50,1
5/9/2023,Food,3.25E+11,5/9/2023,50.0,05:04,0
5/9/2023,Misc,3.61E+11,6/9/2023,1000.0,15:50,1
6/9/2023,Food,3.62E+11,6/9/2023,55.0,07:47,1
6/9/2023,Food,3.25E+11,6/9/2023,40.0,18:00,0
6/9/2023,Food,3.62E+11,6/9/2023,217.95,04:49,1
6/9/2023,Food,3.25E+11,6/9/2023,60.0,14:37,1
7/9/2023,Misc,3.25E+11,7/9/2023,170.0,12:11,0
7/9/2023,Misc,3.25E+11,7/9/2023,200.0,23:44,0
7/9/2023,Food,3.25E+11,7/9/2023,40.0,05:05,0
7/9/2023,Food,3.25E+11,7/9/2023,80.0,16:40,0
7/9/2023,Food,3.25E+11,7/9/2023,85.0,04:46,0
8/9/2023,Food,3.25E+11,8/9/2023,25.0,09:16,0
8/9/2023,Food,3.25E+11,8/9/2023,40.0,04:16,1
8/9/2023,Misc,3.25E+11,8/9/2023,80.0,16:10,1
8/9/2023,Misc,3.62E+11,8/9/2023,190.0,18:05,1
9/9/2023,Misc,3.25E+11,9/9/2023,279.5,05:23,1
9/9/2023,Food,3.25E+11,9/9/2023,52.0,21:47,1
9/9/2023,Food,3.25E+11,9/9/2023,30.0,14:03,1
9/9/2023,Food,3.25E+11,9/9/2023,10.0,03:38,0
9/9/2023,Food,3.25E+11,9/9/2023,40.0,16:48,1
10/9/2023,Food,3.25E+11,10/9/2023,230.7,00:18,0
10/9/2023,Food,3.25E+11,10/9/2023,54.0,17:30,0
10/9/2023,Misc,3.62E+11,10/9/2023,500.0,09:16,1
10/9/2023,Food,3.62E+11,10/9/2023,426.94,18:31,0
11/9/2023,Food,3.25E+11,11/9/2023,192.24,01:42,0
11/9/2023,Food,3.25E+11,11/9/2023,55.0,16:47,0
11/9/2023,Food,3.25E+11,11/9/2023,80.0,17:21,1
11/9/2023,Food,3.25E+11,11/9/2023,20.0,12:33,1
11/9/2023,Food,3.25E+11,11/9/2023,10.0,06:55,0
11/9/2023,Food,3.25E+11,11/9/2023,10.0,19:10,1
11/9/2023,Misc,3.25E+11,11/9/2023,125.0,04:44,1
12/9/2023,Food,3.26E+11,12/9/2023,30.0,03:31,0
12/9/2023,Food,3.26E+11,12/9/2023,55.0,06:19,1
12/9/2023,Food,3.26E+11,12/9/2023,40.0,04:02,0
12/9/2023,Food,3.26E+11,12/9/2023,60.0,18:19,1
12/9/2023,Food,3.26E+11,12/9/2023,10.0,19:31,1
13/09/23,Food,3.62E+11,13/09/23,23.0,06:50,0
16/09/23,Food,3.26E+11,16/09/23,10.0,12:19,0
23/09/23,Misc,3.27E+11,23/09/23,1000.0,03:39,0
23/09/23,Misc,3.27E+11,23/09/23,300.1,14:39,1
23/09/23,Misc,3.27E+11,23/09/23,700.0,19:33,0
25/09/23,Salary,CHASH26441571950,25/09/23,34800.0,17:44,1
25/09/23,Misc,3.27E+11,25/09/23,7451.0,03:52,1
25/09/23,Misc,3.63E+11,25/09/23,7152.0,03:44,1
25/09/23,Misc,3.27E+11,25/09/23,8624.0,01:54,1
25/09/23,Misc,3.63E+11,25/09/23,10000.0,21:30,0
25/09/23,Misc,3.63E+11,25/09/23,2313.0,19:58,0
25/09/23,Misc,3.63E+11,25/09/23,7500.0,22:39,0
25/09/23,Misc,3.27E+11,25/09/23,120.0,04:12,0
25/09/23,Food,3.27E+11,25/09/23,36.0,21:16,1
25/09/23,Food,3.27E+11,25/09/23,40.0,07:16,0
25/09/23,Misc,3.63E+11,25/09/23,275.0,10:06,0
25/09/23,Misc,3.27E+11,25/09/23,329.0,10:04,1
26/09/23,Food,3.27E+11,26/09/23,36.0,17:45,0
26/09/23,Food,3.27E+11,26/09/23,10.0,18:20,0
26/09/23,Food,3.27E+11,26/09/23,50.0,16:58,0
26/09/23,Food,3.64E+11,26/09/23,159.56,00:30,1
26/09/23,Misc,3.27E+11,26/09/23,1000.0,04:12,0
27/09/23,Food,3.64E+11,27/09/23,55.0,02:59,0
27/09/23,Food,3.27E+11,27/09/23,50.0,13:53,0
28/09/23,Food,3.64E+11,28/09/23,100.0,01:33,1
28/09/23,Food,3.27E+11,28/09/23,40.0,02:26,1
28/09/23,Food,3.64E+11,28/09/23,155.5,02:18,0
28/09/23,Misc,3.27E+11,28/09/23,240.0,19:06,0
28/09/23,Misc,3.27E+11,28/09/23,247.0,20:56,1
29/09/23,Food,3.27E+11,29/09/23,48.0,12:02,0
29/09/23,Food,3.27E+11,29/09/23,20.0,07:26,0
29/09/23,Misc,3.27E+11,29/09/23,880.0,21:46,1
30/09/23,Misc,3.27E+11,30/09/23,110.0,13:25,0
30/09/23,Food,3.27E+11,30/09/23,10.0,17:13,0
30/09/23,Misc,3.27E+11,30/09/23,183.85,19:27,0
30/09/23,Food,3.27E+11,30/09/23,50.0,12:57,0
1/10/2023,Misc,0,30/09/23,20.0,17:37,1
1/10/2023,Food,3.27E+11,1/10/2023,20.0,00:45,0
1/10/2023,Food,3.27E+11,1/10/2023,20.0,01:21,0
1/10/2023,Food,3.27E+11,1/10/2023,25.0,04:43,1
1/10/2023,Food,3.27E+11,1/10/2023,50.0,10:56,0
1/10/2023,Food,3.27E+11,1/10/2023,85.0,10:05,1
2/10/2023,Food,3.27E+11,2/10/2023,10.0,00:57,0
2/10/2023,Food,3.28E+11,2/10/2023,49.0,02:49,0
2/10/2023,Food,3.64E+11,2/10/2023,30.0,01:25,0
2/10/2023,Food,3.28E+11,2/10/2023,49.0,13:12,1
2/10/2023,Food,3.28E+11,2/10/2023,80.0,19:52,0
2/10/2023,Food,3.28E+11,2/10/2023,30.0,15:06,1
2/10/2023,Misc,3.28E+11,2/10/2023,470.0,17:47,0
3/10/2023,Food,3.28E+11,3/10/2023,19.0,04:09,0
3/10/2023,Misc,3.28E+11,3/10/2023,130.0,07:10,0
3/10/2023,Food,3.64E+11,3/10/2023,188.74,21:08,1
3/10/2023,Food,3.28E+11,3/10/2023,48.0,06:26,0
3/10/2023,Food,3.28E+11,3/10/2023,10.0,09:16,1
3/10/2023,Misc,3.28E+11,3/10/2023,385.0,15:31,0
3/10/2023,Misc,3.28E+11,3/10/2023,680.0,18:30,1
3/10/2023,Misc,3.28E+11,3/10/2023,43.0,21:37,0
3/10/2023,Misc,3.64E+11,3/10/2023,1000.0,10:38,0
3/10/2023,Misc,3.28E+11,3/10/2023,370.0,18:48,1
4/10/2023,Food,3.64E+11,4/10/2023,80.0,02:06,0
4/10/2023,Food,3.64E+11,4/10/2023,45.0,17:48,1
4/10/2023,Misc,3.28E+11,4/10/2023,120.0,03:06,0
4/10/2023,Food,3.28E+11,4/10/2023,12.0,19:55,0
5/10/2023,Food,3.28E+11,5/10/2023,35.0,16:01,1
5/10/2023,Food,3.64E+11,5/10/2023,70.0,23:47,1
5/10/2023,Food,3.64E+11,5/10/2023,75.0,12:01,0
6/10/2023,Food,3.28E+11,6/10/2023,33.0,03:21,1
6/10/2023,Food,3.28E+11,6/10/2023,95.0,13:46,0
7/10/2023,Food,3.28E+11,7/10/2023,87.69,02:00,1
7/10/2023,Misc,3.65E+11,7/10/2023,184.0,20:22,0
9/10/2023,Misc,3.28E+11,9/10/2023,1000.0,03:36,0
9/10/2023,Food,3.28E+11,9/10/2023,79.0,17:26,0
10/10/2023,Food,3.28E+11,10/10/2023,50.0,12:20,1
10/10/2023,Food,3.65E+11,10/10/2023,42.0,06:20,1
11/10/2023,Food,3.65E+11,11/10/2023,80.0,10:39,1
12/10/2023,Food,3.65E+11,12/10/2023,70.0,10:34,1
13/10/23,Food,3.29E+11,13/10/23,36.0,05:49,1
13/10/23,Misc,3.65E+11,13/10/23,270.0,10:46,0
14/10/23,Food,3.29E+11,14/10/23,24.0,08:30,1
14/10/23,Misc,3.29E+11,14/10/23,270.0,15:27,1
16/10/23,Misc,3.29E+11,16/10/23,291.0,04:36,1
16/10/23,Misc,3.66E+11,16/10/23,3500.0,19:09,1
16/10/23,Misc,3.29E+11,16/10/23,1500.0,22:08,1
16/10/23,Misc,3.29E+11,16/10/23,286.0,05:52,1
16/10/23,Misc,3.29E+11,16/10/23,300.0,03:20,1
16/10/23,Misc,3.29E+11,16/10/23,150.0,07:23,1
16/10/23,Food,3.29E+11,16/10/23,40.0,15:48,1
16/10/23,Misc,3.66E+11,16/10/23,248.0,15:39,1
16/10/23,Food,3.66E+11,16/10/23,30.0,10:59,1
16/10/23,Food,3.66E+11,16/10/23,214.74,19:43,0
17/10/23,Food,3.29E+11,17/10/23,65.0,13:42,0
17/10/23,Misc,3.29E+11,17/10/23,706.0,07:13,1
17/10/23,Misc,3.29E+11,17/10/23,150.0,05:56,1
17/10/23,Misc,3.29E+11,17/10/23,234.0,07:47,0
17/10/23,Food,3.29E+11,17/10/23,60.0,18:57,1
18/10/23,Food,3.29E+11,18/10/23,65.0,07:09,1
18/10/23,Food,3.29E+11,18/10/23,10.0,00:27,0
19/10/23,Food,3.29E+11,19/10/23,20.0,12:26,0
20/10/23,Food,3.29E+11,20/10/23,18.0,07:37,0
20/10/23,Food,3.29E+11,20/10/23,25.0,20:34,1
26/10/23,Food,3.30E+11,26/10/23,100.0,08:06,1
26/10/23,Misc,3.30E+11,26/10/23,3150.0,15:41,0
27/10/23,Misc,3.67E+11,27/10/23,3407.0,20:45,1
1/11/2023,Misc,3.31E+11,1/11/2023,500.0,04:37,1
1/11/2023,Misc,3.31E+11,1/11/2023,500.0,10:06,1
2/11/2023,Misc,3.31E+11,2/11/2023,1000.0,16:58,1
2/11/2023,Misc,3.67E+11,2/11/2023,1000.0,20:21,1
2/11/2023,Misc,3.31E+11,2/11/2023,1000.0,08:03,0
2/11/2023,Misc,3.67E+11,2/11/2023,1000.0,16:11,0
15/11/23,Misc,CHASH31948851670,15/11/23,33209.0,14:42,0
15/11/23,Misc,3.69E+11,15/11/23,5000.0,00:11,0
15/11/23,Misc,3.69E+11,15/11/23,3500.0,20:29,0
15/11/23,Misc,3.69E+11,15/11/23,20000.0,23:14,0
15/11/23,Misc,3.69E+11,15/11/23,1500.0,15:19,0
17/11/23,Food,3.32E+11,17/11/23,69.0,12:26,0
18/11/23,Food,3.32E+11,18/11/23,100.0,19:43,0
18/11/23,Misc,3.32E+11,18/11/23,116.0,23:16,1
20/11/23,Shopping,3.69E+11,20/11/23,1999.0,23:35,0
20/11/23,Shopping,3.69E+11,20/11/23,1999.0,02:52,1
22/11/23,Misc,3.33E+11,22/11/23,150.0,13:17,1
22/11/23,Misc,3.33E+11,22/11/23,150.0,02:16,0
24/11/23,Salary,CHASH32649207986,24/11/23,24769.0,17:10,0
24/11/23,Shopping,3.69E+11,24/11/23,499.0,23:57,0
24/11/23,Misc,3.33E+11,24/11/23,1499.0,13:09,0
24/11/23,Misc,3.69E+11,24/11/23,2000.0,16:35,1
25/11/23,Misc,3.70E+11,25/11/23,21000.0,23:25,0
26/11/23,Food,3.33E+11,26/11/23,223.18,05:26,1
27/11/23,Misc,3.33E+11,27/11/23,272.0,07:51,0
27/11/23,Misc,3.70E+11,27/11/23,720.0,01:15,0
28/11/23,Misc,3.70E+11,28/11/23,480.0,17:27,1
28/11/23,Misc,3.70E+11,28/11/23,250.0,02:04,0
30/11/23,Misc,3.70E+11,30/11/23,130.0,20:38,1
30/11/23,Misc,3.33E+11,30/11/23,50.0,01:21,1
1/12/2023,Food,3.70E+11,2/12/2023,19.0,04:39,1
2/12/2023,Misc,3.34E+11,2/12/2023,200.0,21:49,1
3/12/2023,Misc,3.34E+11,3/12/2023,120.0,08:53,1
3/12/2023,Misc,3.34E+11,3/12/2023,7.0,18:23,1
3/12/2023,Misc,3.34E+11,3/12/2023,70.0,01:44,1
4/12/2023,Misc,3.34E+11,4/12/2023,500.0,22:38,1
4/12/2023,Misc,3.34E+11,4/12/2023,500.0,03:43,0
4/12/2023,Misc,3.34E+11,4/12/2023,450.0,16:43,1
6/12/2023,Misc,3.71E+11,6/12/2023,150.0,03:22,1
6/12/2023,Food,3.71E+11,6/12/2023,60.0,05:28,0
7/12/2023,Misc,3.34E+11,8/12/2023,15000.0,01:46,1
9/12/2023,Misc,3.34E+11,9/12/2023,15048.0,03:43,1
10/12/2023,Misc,3.71E+11,10/12/2023,4000.0,07:06,1
10/12/2023,Transport,3.34E+11,10/12/2023,3062.0,01:13,1
10/12/2023,Misc,3.71E+11,10/12/2023,1000.0,01:13,1
10/12/2023,Misc,3.34E+11,10/12/2023,1000.0,07:17,0
11/12/2023,Food,3.71E+11,11/12/2023,30.0,04:40,1
11/12/2023,Food,3.71E+11,11/12/2023,10.0,13:30,0
11/12/2023,Food,3.71E+11,11/12/2023,30.0,12:04,1
11/12/2023,Misc,3.71E+11,11/12/2023,220.0,18:18,0
11/12/2023,Food,3.35E+11,11/12/2023,169.29,00:48,1
12/12/2023,Food,3.71E+11,12/12/2023,25.0,11:02,0
12/12/2023,Food,3.71E+11,12/12/2023,40.0,19:27,0
12/12/2023,Food,3.71E+11,12/12/2023,20.0,02:08,0
12/12/2023,Misc,3.35E+11,12/12/2023,530.0,13:43,1
12/12/2023,Food,3.71E+11,12/12/2023,35.0,04:15,0
12/12/2023,Misc,3.35E+11,12/12/2023,1718.0,16:51,0
12/12/2023,Transport,3.35E+11,12/12/2023,1718.0,16:23,0
13/12/23,Food,3.71E+11,13/12/23,26.0,10:47,1
13/12/23,Food,3.71E+11,13/12/23,15.0,11:30,0
13/12/23,Transport,3.35E+11,13/12/23,1718.0,03:13,0
13/12/23,Misc,3.71E+11,13/12/23,1718.0,08:28,1
1/1/2024,Misc,0,31/12/23,8.0,19:46,0
